<?xml version = '1.0' encoding = 'UTF-8'?>
<Relation class="oracle.dbtools.crest.model.design.logical.InheritanceRelation" name="Hierarchy_6" directorySegmentName="seg_0" id="E46FD00B-1C36-B899-B166-1B138A2292A4">
<createdBy>pipec</createdBy>
<createdTime>2023-10-08 22:12:19 UTC</createdTime>
<ownerDesignName>ProblemaModelado</ownerDesignName>
<engineerTo>
<item key="74E3C948-F68E-79FB-68EE-EC668090CA4E" value="true"/>
</engineerTo>
<identifying>false</identifying>
<nameOnSource>Super Type</nameOnSource>
<nameOnTarget>Sub Type</nameOnTarget>
<optionalSource>true</optionalSource>
<optionalTarget>true</optionalTarget>
<sourceEntity>65E5DE86-2B7F-7F8D-2D9D-8B7A3A92A5F0</sourceEntity>
<targetEntity>7D9DB976-F9CB-7B98-98B7-30692C27C9CD</targetEntity>
<transferable>true</transferable>
<deleteRule>NO ACTION</deleteRule>
</Relation>
