<?xml version = '1.0' encoding = 'UTF-8'?>
<Table class="oracle.dbtools.crest.model.design.relational.Table" directorySegmentName="seg_0" id="089D4855-7E46-A0B8-6C94-768274DBA406" name="PERSONA">
<createdBy>pipec</createdBy>
<createdTime>2023-11-05 20:26:27 UTC</createdTime>
<generatorID>65E5DE86-2B7F-7F8D-2D9D-8B7A3A92A5F0</generatorID>
<ownerDesignName>ProblemaModelado</ownerDesignName>
<allowColumnReorder>false</allowColumnReorder>
<existDependencyGenerateInDDl>true</existDependencyGenerateInDDl>
<parsed>true</parsed>
<columns itemClass="oracle.dbtools.crest.model.design.relational.Column">
<Column name="cedula" id="5DC2CD4C-DCCD-80B0-07C7-2239CABCFAC9">
<createdBy>pipec</createdBy>
<createdTime>2023-11-05 20:26:27 UTC</createdTime>
<generatorID>63E15160-8945-57CA-6F5E-E066FEBC9011</generatorID>
<ownerDesignName>ProblemaModelado</ownerDesignName>
<useDomainConstraints>false</useDomainConstraints>
<use>1</use>
<logicalDatatype>LOGDT024</logicalDatatype>
<dataTypeSize>10</dataTypeSize>
<ownDataTypeParameters>10,,</ownDataTypeParameters>
<autoIncrementCycle>false</autoIncrementCycle>
</Column>
<Column name="nombreCompleto" id="9144AE63-A610-800B-224F-CD98C2487894">
<createdBy>pipec</createdBy>
<createdTime>2023-11-05 20:26:27 UTC</createdTime>
<generatorID>08CC682B-39D2-83D3-56B1-7237EE491DFA</generatorID>
<ownerDesignName>ProblemaModelado</ownerDesignName>
<useDomainConstraints>false</useDomainConstraints>
<use>1</use>
<logicalDatatype>LOGDT024</logicalDatatype>
<dataTypeSize>30</dataTypeSize>
<ownDataTypeParameters>30,,</ownDataTypeParameters>
<autoIncrementCycle>false</autoIncrementCycle>
</Column>
<Column name="telefono" id="CDD440D8-3FE3-57E0-5800-2C67E887833E">
<createdBy>pipec</createdBy>
<createdTime>2023-11-05 20:26:27 UTC</createdTime>
<generatorID>F8196D11-5865-0329-64CA-61489B8E5D70</generatorID>
<ownerDesignName>ProblemaModelado</ownerDesignName>
<useDomainConstraints>false</useDomainConstraints>
<use>1</use>
<logicalDatatype>LOGDT025</logicalDatatype>
<dataTypeSize>10</dataTypeSize>
<ownDataTypeParameters>10,,</ownDataTypeParameters>
<autoIncrementCycle>false</autoIncrementCycle>
</Column>
<Column name="correoElectronico" id="70DB1089-FB3D-D349-3864-B78507FC8558">
<createdBy>pipec</createdBy>
<createdTime>2023-11-05 20:26:27 UTC</createdTime>
<generatorID>F8DC13F6-A453-0C3C-6BF5-0EF7DD7A3B5A</generatorID>
<ownerDesignName>ProblemaModelado</ownerDesignName>
<nullsAllowed>true</nullsAllowed>
<useDomainConstraints>false</useDomainConstraints>
<use>1</use>
<logicalDatatype>LOGDT024</logicalDatatype>
<dataTypeSize>30</dataTypeSize>
<ownDataTypeParameters>30,,</ownDataTypeParameters>
<autoIncrementCycle>false</autoIncrementCycle>
</Column>
</columns>
<indexes itemClass="oracle.dbtools.crest.model.design.relational.Index">
<ind_PK_UK id="6ECFFBD5-F597-F2B6-C695-7DB7525808F3" name="PERSONA_PK">
<createdBy>pipec</createdBy>
<createdTime>2023-11-05 20:26:27 UTC</createdTime>
<generatorID>D3AEF2BB-B21C-6F55-A863-D560AEA1F628</generatorID>
<ownerDesignName>ProblemaModelado</ownerDesignName>
<pk>true</pk>
<indexState>Primary Constraint</indexState>
<isSurrogateKey>false</isSurrogateKey>
<indexColumnUsage>
<colUsage columnID="5DC2CD4C-DCCD-80B0-07C7-2239CABCFAC9"/>
</indexColumnUsage>
</ind_PK_UK>
</indexes>
</Table>
