<?xml version = '1.0' encoding = 'UTF-8'?>
<Table class="oracle.dbtools.crest.model.design.relational.Table" directorySegmentName="seg_0" id="7C18BCB0-D914-9BFD-91E5-DA9BCB82A3DF" name="FACTURA">
<createdBy>pipec</createdBy>
<createdTime>2023-11-05 20:26:27 UTC</createdTime>
<generatorID>53A43DF6-ECDF-F011-A72C-E542F6C8760C</generatorID>
<ownerDesignName>ProblemaModelado</ownerDesignName>
<allowColumnReorder>false</allowColumnReorder>
<existDependencyGenerateInDDl>true</existDependencyGenerateInDDl>
<parsed>true</parsed>
<columns itemClass="oracle.dbtools.crest.model.design.relational.Column">
<Column name="idFactura" id="B9314C0C-F41E-74D8-3A41-657FF4E3CBA9">
<createdBy>pipec</createdBy>
<createdTime>2023-11-05 20:26:27 UTC</createdTime>
<generatorID>27E10443-8DD1-F622-7315-59C122360E1C</generatorID>
<ownerDesignName>ProblemaModelado</ownerDesignName>
<useDomainConstraints>false</useDomainConstraints>
<use>1</use>
<logicalDatatype>LOGDT025</logicalDatatype>
<dataTypeSize>10</dataTypeSize>
<ownDataTypeParameters>10,,</ownDataTypeParameters>
<autoIncrementCycle>false</autoIncrementCycle>
</Column>
<Column name="fechaCompra" id="F7536469-BBDA-68DA-82B6-3E53EB8FA0B5">
<createdBy>pipec</createdBy>
<createdTime>2023-11-05 20:26:27 UTC</createdTime>
<generatorID>8517F483-1685-AEFA-D1E8-4206F7136DF3</generatorID>
<ownerDesignName>ProblemaModelado</ownerDesignName>
<useDomainConstraints>false</useDomainConstraints>
<use>1</use>
<logicalDatatype>LOGDT007</logicalDatatype>
<ownDataTypeParameters>,,</ownDataTypeParameters>
<autoIncrementCycle>false</autoIncrementCycle>
</Column>
<Column name="monto" id="9EEA9FDD-23A2-B0A3-9DB5-22CE877DBED1">
<createdBy>pipec</createdBy>
<createdTime>2023-11-05 20:26:27 UTC</createdTime>
<generatorID>C2177126-F229-3475-1B21-1A8E440190B8</generatorID>
<ownerDesignName>ProblemaModelado</ownerDesignName>
<useDomainConstraints>false</useDomainConstraints>
<use>1</use>
<logicalDatatype>LOGDT019</logicalDatatype>
<dataTypePrecision>8</dataTypePrecision>
<ownDataTypeParameters>,8,</ownDataTypeParameters>
<autoIncrementCycle>false</autoIncrementCycle>
</Column>
<Column name="MEDIO_DE_PAGO_idMedioPago" id="F62FF8BA-2717-C0A0-9007-0AD3CA20A32E">
<createdBy>pipec</createdBy>
<createdTime>2023-11-05 20:26:27 UTC</createdTime>
<generatorID>B0E3A228-6F1D-3DE8-3D3D-424633F196D3</generatorID>
<ownerDesignName>ProblemaModelado</ownerDesignName>
<useDomainConstraints>false</useDomainConstraints>
<use>1</use>
<logicalDatatype>LOGDT025</logicalDatatype>
<dataTypeSize>3</dataTypeSize>
<ownDataTypeParameters>,,</ownDataTypeParameters>
<previousColumn>false</previousColumn>
<autoIncrementCycle>false</autoIncrementCycle>
<associations>
<colAssociation fkAssociation="FF55AC1E-C498-27D5-25D4-7CDF34C7DF18" referredColumn="E4F88D04-DEE4-28BA-DD16-CCBF488D9E79"/>
</associations>
</Column>
<Column name="PERSONA_cedula" id="F00FCF01-AD18-1454-F0A2-BA6AAC1B7396">
<createdBy>pipec</createdBy>
<createdTime>2023-11-05 20:26:27 UTC</createdTime>
<generatorID>F817BBE2-4489-E1D1-5599-9309578D40A1</generatorID>
<ownerDesignName>ProblemaModelado</ownerDesignName>
<useDomainConstraints>false</useDomainConstraints>
<use>1</use>
<logicalDatatype>LOGDT024</logicalDatatype>
<dataTypeSize>10</dataTypeSize>
<ownDataTypeParameters>,,</ownDataTypeParameters>
<previousColumn>false</previousColumn>
<autoIncrementCycle>false</autoIncrementCycle>
<associations>
<colAssociation fkAssociation="0475DEE3-89D9-3207-0456-D193A9BE8541" referredColumn="5DC2CD4C-DCCD-80B0-07C7-2239CABCFAC9"/>
</associations>
</Column>
<Column name="EMPLEADO_idEmpleado" id="54EC18A1-FF9D-AEF2-4304-FF189C5CEC4F">
<createdBy>pipec</createdBy>
<createdTime>2023-11-05 20:26:27 UTC</createdTime>
<generatorID>8315AF87-EEA0-A8AE-6959-FEF2909B6AE5</generatorID>
<ownerDesignName>ProblemaModelado</ownerDesignName>
<useDomainConstraints>false</useDomainConstraints>
<use>1</use>
<logicalDatatype>LOGDT025</logicalDatatype>
<dataTypeSize>3</dataTypeSize>
<ownDataTypeParameters>,,</ownDataTypeParameters>
<previousColumn>false</previousColumn>
<autoIncrementCycle>false</autoIncrementCycle>
<associations>
<colAssociation fkAssociation="7CFCB686-8BFA-83FD-8770-AC1DD04E703A" referredColumn="1DDD9078-9905-E4BB-2FC4-FE3DBE3CD473"/>
</associations>
</Column>
</columns>
<indexes itemClass="oracle.dbtools.crest.model.design.relational.Index">
<ind_PK_UK id="F49FE735-9167-0252-6A3F-C9FEF59CFA39" name="FACTURA_PK">
<createdBy>pipec</createdBy>
<createdTime>2023-11-05 20:26:27 UTC</createdTime>
<generatorID>1861C73A-22FA-E30A-8290-4E8A5CE1A83B</generatorID>
<ownerDesignName>ProblemaModelado</ownerDesignName>
<pk>true</pk>
<indexState>Primary Constraint</indexState>
<isSurrogateKey>false</isSurrogateKey>
<indexColumnUsage>
<colUsage columnID="B9314C0C-F41E-74D8-3A41-657FF4E3CBA9"/>
</indexColumnUsage>
</ind_PK_UK>
<ind_PK_UK id="A6EA9019-C24B-D2C1-94F7-3DABF10E8FE4" name="FACTURA_MEDIO_DE_PAGO_FK">
<createdBy>pipec</createdBy>
<createdTime>2023-11-05 20:26:27 UTC</createdTime>
<generatorID>018B1E5A-FE13-13EF-DCEE-5D86BA577DAE</generatorID>
<ownerDesignName>ProblemaModelado</ownerDesignName>
<indexState>Foreign Key</indexState>
<isSurrogateKey>false</isSurrogateKey>
<indexColumnUsage>
<colUsage columnID="F62FF8BA-2717-C0A0-9007-0AD3CA20A32E"/>
</indexColumnUsage>
</ind_PK_UK>
<ind_PK_UK id="4ADB3983-A0DF-1E1E-C5FB-4844257457AE" name="FACTURA_EMPLEADO_FK">
<createdBy>pipec</createdBy>
<createdTime>2023-11-05 20:26:27 UTC</createdTime>
<generatorID>7A0D4F0F-123F-FC6D-0F33-C99FA64027F2</generatorID>
<ownerDesignName>ProblemaModelado</ownerDesignName>
<indexState>Foreign Key</indexState>
<isSurrogateKey>false</isSurrogateKey>
<indexColumnUsage>
<colUsage columnID="54EC18A1-FF9D-AEF2-4304-FF189C5CEC4F"/>
</indexColumnUsage>
</ind_PK_UK>
<ind_PK_UK id="AD8A6305-A47B-9E10-BFF3-8E2F7A8BE4D5" name="FACTURA_PERSONA_FK">
<createdBy>pipec</createdBy>
<createdTime>2023-11-05 20:26:27 UTC</createdTime>
<generatorID>E0569FA5-C53A-287B-8607-ABC583F6A19E</generatorID>
<ownerDesignName>ProblemaModelado</ownerDesignName>
<indexState>Foreign Key</indexState>
<isSurrogateKey>false</isSurrogateKey>
<indexColumnUsage>
<colUsage columnID="F00FCF01-AD18-1454-F0A2-BA6AAC1B7396"/>
</indexColumnUsage>
</ind_PK_UK>
</indexes>
</Table>
