<?xml version = '1.0' encoding = 'UTF-8'?>
<Table class="oracle.dbtools.crest.model.design.relational.Table" directorySegmentName="seg_0" id="867CD5F6-A704-21D2-0B85-7D8CDCC56A5A" name="PROVEEDOR">
<createdBy>pipec</createdBy>
<createdTime>2023-11-05 20:26:27 UTC</createdTime>
<generatorID>7D9DB976-F9CB-7B98-98B7-30692C27C9CD</generatorID>
<ownerDesignName>ProblemaModelado</ownerDesignName>
<allowColumnReorder>false</allowColumnReorder>
<existDependencyGenerateInDDl>true</existDependencyGenerateInDDl>
<parsed>true</parsed>
<columns itemClass="oracle.dbtools.crest.model.design.relational.Column">
<Column name="cedula" id="B145A662-5397-AA24-8094-98F9C43225A3">
<createdBy>pipec</createdBy>
<createdTime>2023-11-05 20:26:27 UTC</createdTime>
<generatorID>63E15160-8945-57CA-6F5E-E066FEBC9011</generatorID>
<ownerDesignName>ProblemaModelado</ownerDesignName>
<useDomainConstraints>false</useDomainConstraints>
<use>1</use>
<logicalDatatype>LOGDT024</logicalDatatype>
<dataTypeSize>10</dataTypeSize>
<ownDataTypeParameters>10,,</ownDataTypeParameters>
<autoIncrementCycle>false</autoIncrementCycle>
<associations>
<colAssociation fkAssociation="07FA8945-73C7-C3B6-30AF-EBBEA542069C" referredColumn="5DC2CD4C-DCCD-80B0-07C7-2239CABCFAC9"/>
</associations>
</Column>
<Column name="nombreEmpresa" id="D9E52C21-B827-2CDF-36F8-67E398D80FF0">
<createdBy>pipec</createdBy>
<createdTime>2023-11-05 20:26:27 UTC</createdTime>
<generatorID>C505A7D3-1FF1-37FA-17FC-49AE01A8F2D1</generatorID>
<ownerDesignName>ProblemaModelado</ownerDesignName>
<useDomainConstraints>false</useDomainConstraints>
<use>1</use>
<logicalDatatype>LOGDT024</logicalDatatype>
<dataTypeSize>30</dataTypeSize>
<ownDataTypeParameters>30,,</ownDataTypeParameters>
<autoIncrementCycle>false</autoIncrementCycle>
</Column>
</columns>
<indexes itemClass="oracle.dbtools.crest.model.design.relational.Index">
<ind_PK_UK id="238CC5E3-4868-4C7F-7AB8-00C95BB72464" name="PROVEEDOR_PKv1">
<createdBy>pipec</createdBy>
<createdTime>2023-11-05 20:26:27 UTC</createdTime>
<generatorID>D3AEF2BB-B21C-6F55-A863-D560AEA1F628</generatorID>
<ownerDesignName>ProblemaModelado</ownerDesignName>
<pk>true</pk>
<indexState>Primary Constraint</indexState>
<isSurrogateKey>false</isSurrogateKey>
</ind_PK_UK>
<ind_PK_UK id="D3E30A23-78B5-F3F7-9128-BFA86E4B507C" name="PROVEEDOR_PERSONA_FK">
<createdBy>pipec</createdBy>
<createdTime>2023-11-05 20:26:27 UTC</createdTime>
<generatorID>E46FD00B-1C36-B899-B166-1B138A2292A4</generatorID>
<ownerDesignName>ProblemaModelado</ownerDesignName>
<indexState>Foreign Key</indexState>
<isSurrogateKey>false</isSurrogateKey>
<indexColumnUsage>
<colUsage columnID="B145A662-5397-AA24-8094-98F9C43225A3"/>
</indexColumnUsage>
</ind_PK_UK>
</indexes>
</Table>
