<?xml version = '1.0' encoding = 'UTF-8'?>
<Table class="oracle.dbtools.crest.model.design.relational.Table" directorySegmentName="seg_0" id="87A6FB29-DB14-F917-88C1-240C34D454EA" name="DETALLE_COMPRA">
<createdBy>pipec</createdBy>
<createdTime>2023-11-05 20:26:27 UTC</createdTime>
<ownerDesignName>ProblemaModelado</ownerDesignName>
<ordsAlias>relation_8</ordsAlias>
<allowColumnReorder>false</allowColumnReorder>
<existDependencyGenerateInDDl>true</existDependencyGenerateInDDl>
<parsed>true</parsed>
<columns itemClass="oracle.dbtools.crest.model.design.relational.Column">
<Column name="FACTURA_idFactura" id="65309797-4C01-9123-7E38-90FD670132A0">
<createdBy>pipec</createdBy>
<createdTime>2023-11-05 20:26:27 UTC</createdTime>
<ownerDesignName>ProblemaModelado</ownerDesignName>
<useDomainConstraints>false</useDomainConstraints>
<use>1</use>
<logicalDatatype>LOGDT025</logicalDatatype>
<dataTypeSize>10</dataTypeSize>
<ownDataTypeParameters>,,</ownDataTypeParameters>
<previousColumn>false</previousColumn>
<autoIncrementCycle>false</autoIncrementCycle>
<associations>
<colAssociation fkAssociation="9FFCCF5C-6B2F-0EB4-576D-E3A1CE1EE747" referredColumn="B9314C0C-F41E-74D8-3A41-657FF4E3CBA9"/>
</associations>
</Column>
<Column name="PRODUCTO_codigoBarras" id="85B401A0-204C-B7D9-A0E0-0EBB1468CF80">
<createdBy>pipec</createdBy>
<createdTime>2023-11-05 20:26:27 UTC</createdTime>
<ownerDesignName>ProblemaModelado</ownerDesignName>
<useDomainConstraints>false</useDomainConstraints>
<use>1</use>
<logicalDatatype>LOGDT025</logicalDatatype>
<dataTypeSize>12</dataTypeSize>
<ownDataTypeParameters>,,</ownDataTypeParameters>
<previousColumn>false</previousColumn>
<autoIncrementCycle>false</autoIncrementCycle>
<associations>
<colAssociation fkAssociation="E01E3B17-6C27-00D0-A472-08FCA72CA4AF" referredColumn="AD5813E0-8AD3-DF0F-17E6-A7A550458512"/>
</associations>
</Column>
<Column name="cantidad" id="6C062A70-74B1-E5FE-56EC-B669A8A64EFD">
<createdBy>pipec</createdBy>
<createdTime>2023-11-05 20:26:27 UTC</createdTime>
<generatorID>A1347BA6-2505-EF87-E4FB-9E72C3F6995B</generatorID>
<ownerDesignName>ProblemaModelado</ownerDesignName>
<useDomainConstraints>false</useDomainConstraints>
<use>1</use>
<logicalDatatype>LOGDT019</logicalDatatype>
<dataTypePrecision>5</dataTypePrecision>
<dataTypeScale>0</dataTypeScale>
<ownDataTypeParameters>,5,0</ownDataTypeParameters>
<autoIncrementCycle>false</autoIncrementCycle>
<isRelationshipColumn>true</isRelationshipColumn>
<isDependOnFK_AsMandatory>true</isDependOnFK_AsMandatory>
</Column>
</columns>
<indexes itemClass="oracle.dbtools.crest.model.design.relational.Index">
<ind_PK_UK id="12E5236C-B34C-6ED6-A657-5BC19F3F8F95" name="Relation_8_PK">
<createdBy>pipec</createdBy>
<createdTime>2023-11-05 20:26:27 UTC</createdTime>
<ownerDesignName>ProblemaModelado</ownerDesignName>
<pk>true</pk>
<indexState>Primary Constraint</indexState>
<isSurrogateKey>false</isSurrogateKey>
<indexColumnUsage>
<colUsage columnID="65309797-4C01-9123-7E38-90FD670132A0"/>
<colUsage columnID="85B401A0-204C-B7D9-A0E0-0EBB1468CF80"/>
</indexColumnUsage>
</ind_PK_UK>
<ind_PK_UK id="382F745A-25B2-88D9-FFCC-93852FFB1713" name="Relation_8_FACTURA_FK">
<createdBy>pipec</createdBy>
<createdTime>2023-11-05 20:26:27 UTC</createdTime>
<generatorID>D2A020B7-ECDD-BD0A-2730-511508512B91</generatorID>
<ownerDesignName>ProblemaModelado</ownerDesignName>
<indexState>Foreign Key</indexState>
<isSurrogateKey>false</isSurrogateKey>
<indexColumnUsage>
<colUsage columnID="65309797-4C01-9123-7E38-90FD670132A0"/>
</indexColumnUsage>
</ind_PK_UK>
<ind_PK_UK id="1B8F78D8-26CD-2903-23CB-DCD29ECB29D1" name="Relation_8_PRODUCTO_FK">
<createdBy>pipec</createdBy>
<createdTime>2023-11-05 20:26:27 UTC</createdTime>
<generatorID>D2A020B7-ECDD-BD0A-2730-511508512B91</generatorID>
<ownerDesignName>ProblemaModelado</ownerDesignName>
<indexState>Foreign Key</indexState>
<isSurrogateKey>false</isSurrogateKey>
<indexColumnUsage>
<colUsage columnID="85B401A0-204C-B7D9-A0E0-0EBB1468CF80"/>
</indexColumnUsage>
</ind_PK_UK>
</indexes>
</Table>
