<?xml version = '1.0' encoding = 'UTF-8'?>
<Table class="oracle.dbtools.crest.model.design.relational.Table" directorySegmentName="seg_0" id="A96B4A09-01A6-59D8-C0ED-5CB9E892B219" name="PRODUCTO">
<createdBy>pipec</createdBy>
<createdTime>2023-11-05 20:26:27 UTC</createdTime>
<generatorID>AEA1F184-3FA0-C170-5695-52055B69A3C5</generatorID>
<ownerDesignName>ProblemaModelado</ownerDesignName>
<allowColumnReorder>false</allowColumnReorder>
<existDependencyGenerateInDDl>true</existDependencyGenerateInDDl>
<parsed>true</parsed>
<columns itemClass="oracle.dbtools.crest.model.design.relational.Column">
<Column name="codigoBarras" id="AD5813E0-8AD3-DF0F-17E6-A7A550458512">
<createdBy>pipec</createdBy>
<createdTime>2023-11-05 20:26:27 UTC</createdTime>
<generatorID>8F081BED-1BF6-B8B5-6228-68D67A1072E2</generatorID>
<ownerDesignName>ProblemaModelado</ownerDesignName>
<useDomainConstraints>false</useDomainConstraints>
<use>1</use>
<logicalDatatype>LOGDT025</logicalDatatype>
<dataTypeSize>12</dataTypeSize>
<ownDataTypeParameters>12,,</ownDataTypeParameters>
<autoIncrementCycle>false</autoIncrementCycle>
</Column>
<Column name="nombreProducto" id="007A427D-2537-9B09-388F-9456BB976D4B">
<createdBy>pipec</createdBy>
<createdTime>2023-11-05 20:26:27 UTC</createdTime>
<generatorID>F5E01E7E-6E6F-D97B-C7D3-3789F08E457E</generatorID>
<ownerDesignName>ProblemaModelado</ownerDesignName>
<useDomainConstraints>false</useDomainConstraints>
<use>1</use>
<logicalDatatype>LOGDT024</logicalDatatype>
<dataTypeSize>30</dataTypeSize>
<ownDataTypeParameters>30,,</ownDataTypeParameters>
<autoIncrementCycle>false</autoIncrementCycle>
</Column>
<Column name="precio" id="DC0A90E5-174C-CC74-CFDC-65B5DC75803F">
<createdBy>pipec</createdBy>
<createdTime>2023-11-05 20:26:27 UTC</createdTime>
<generatorID>A3C3DDBF-5898-BB54-917E-06BC20D837CF</generatorID>
<ownerDesignName>ProblemaModelado</ownerDesignName>
<useDomainConstraints>false</useDomainConstraints>
<use>1</use>
<logicalDatatype>LOGDT019</logicalDatatype>
<dataTypePrecision>8</dataTypePrecision>
<ownDataTypeParameters>,8,</ownDataTypeParameters>
<autoIncrementCycle>false</autoIncrementCycle>
</Column>
<Column name="TIPO_PRODUCTO_idTipoProducto" id="2899CA9A-3E13-544A-51A1-D0EB19CA2280">
<createdBy>pipec</createdBy>
<createdTime>2023-11-05 20:26:27 UTC</createdTime>
<generatorID>133E8F14-F37B-1C6B-3C40-0F93682A812A</generatorID>
<ownerDesignName>ProblemaModelado</ownerDesignName>
<useDomainConstraints>false</useDomainConstraints>
<use>1</use>
<logicalDatatype>LOGDT025</logicalDatatype>
<dataTypeSize>3</dataTypeSize>
<ownDataTypeParameters>,,</ownDataTypeParameters>
<previousColumn>false</previousColumn>
<autoIncrementCycle>false</autoIncrementCycle>
<associations>
<colAssociation fkAssociation="BCC043CC-C994-318D-A483-EBDCAAD5A14E" referredColumn="BED24552-BD68-B5FF-A0C8-68E04A10CBB9"/>
</associations>
</Column>
</columns>
<indexes itemClass="oracle.dbtools.crest.model.design.relational.Index">
<ind_PK_UK id="6A1EAA19-73A6-91BB-A09C-DB6116FD47AA" name="PRODUCTO_PK">
<createdBy>pipec</createdBy>
<createdTime>2023-11-05 20:26:27 UTC</createdTime>
<generatorID>D12DE567-65A3-3498-58B6-37F7B9769ACC</generatorID>
<ownerDesignName>ProblemaModelado</ownerDesignName>
<pk>true</pk>
<indexState>Primary Constraint</indexState>
<isSurrogateKey>false</isSurrogateKey>
<indexColumnUsage>
<colUsage columnID="AD5813E0-8AD3-DF0F-17E6-A7A550458512"/>
</indexColumnUsage>
</ind_PK_UK>
<ind_PK_UK id="87A9B568-723B-CF2D-0E21-BA5CCE172D9D" name="PRODUCTO_TIPO_PRODUCTO_FK">
<createdBy>pipec</createdBy>
<createdTime>2023-11-05 20:26:27 UTC</createdTime>
<generatorID>880B05B0-3A57-1FA7-ED6D-67BFFF904A72</generatorID>
<ownerDesignName>ProblemaModelado</ownerDesignName>
<indexState>Foreign Key</indexState>
<isSurrogateKey>false</isSurrogateKey>
<indexColumnUsage>
<colUsage columnID="2899CA9A-3E13-544A-51A1-D0EB19CA2280"/>
</indexColumnUsage>
</ind_PK_UK>
</indexes>
</Table>
