<?xml version = '1.0' encoding = 'UTF-8'?>
<Table class="oracle.dbtools.crest.model.design.relational.Table" directorySegmentName="seg_0" id="E8519281-1D1B-C35D-BCC1-CC952D9667FE" name="EMPLEADO">
<createdBy>pipec</createdBy>
<createdTime>2023-11-05 20:26:27 UTC</createdTime>
<generatorID>415D36D1-6FBA-164B-DADA-4ACBCB428580</generatorID>
<ownerDesignName>ProblemaModelado</ownerDesignName>
<allowColumnReorder>false</allowColumnReorder>
<existDependencyGenerateInDDl>true</existDependencyGenerateInDDl>
<parsed>true</parsed>
<columns itemClass="oracle.dbtools.crest.model.design.relational.Column">
<Column name="idEmpleado" id="1DDD9078-9905-E4BB-2FC4-FE3DBE3CD473">
<createdBy>pipec</createdBy>
<createdTime>2023-11-05 20:26:27 UTC</createdTime>
<generatorID>04187FE9-D5F5-661D-465C-A1EADEEEA560</generatorID>
<ownerDesignName>ProblemaModelado</ownerDesignName>
<useDomainConstraints>false</useDomainConstraints>
<use>1</use>
<logicalDatatype>LOGDT025</logicalDatatype>
<dataTypeSize>3</dataTypeSize>
<ownDataTypeParameters>3,,</ownDataTypeParameters>
<autoIncrementCycle>false</autoIncrementCycle>
</Column>
</columns>
<indexes itemClass="oracle.dbtools.crest.model.design.relational.Index">
<ind_PK_UK id="78C1C0B6-B964-6DBB-754A-DB7FAE6BC43D" name="EMPLEADO_PK">
<createdBy>pipec</createdBy>
<createdTime>2023-11-05 20:26:27 UTC</createdTime>
<generatorID>B37290EF-0E6C-3897-CFC5-6CA5E922395C</generatorID>
<ownerDesignName>ProblemaModelado</ownerDesignName>
<pk>true</pk>
<indexState>Primary Constraint</indexState>
<isSurrogateKey>false</isSurrogateKey>
<indexColumnUsage>
<colUsage columnID="1DDD9078-9905-E4BB-2FC4-FE3DBE3CD473"/>
</indexColumnUsage>
</ind_PK_UK>
</indexes>
</Table>
