<?xml version = '1.0' encoding = 'UTF-8'?>
<Table class="oracle.dbtools.crest.model.design.relational.Table" directorySegmentName="seg_0" id="E991D7FA-FA55-19BF-AC79-FF48DBDD768F" name="CLIENTE">
<createdBy>pipec</createdBy>
<createdTime>2023-11-05 20:26:27 UTC</createdTime>
<generatorID>3211CC39-4925-61C2-3328-59E34CA2F299</generatorID>
<ownerDesignName>ProblemaModelado</ownerDesignName>
<allowColumnReorder>false</allowColumnReorder>
<existDependencyGenerateInDDl>true</existDependencyGenerateInDDl>
<parsed>true</parsed>
<columns itemClass="oracle.dbtools.crest.model.design.relational.Column">
<Column name="cedula" id="BE947071-11AD-2710-BAD1-09206B95AB66">
<createdBy>pipec</createdBy>
<createdTime>2023-11-05 20:26:27 UTC</createdTime>
<generatorID>63E15160-8945-57CA-6F5E-E066FEBC9011</generatorID>
<ownerDesignName>ProblemaModelado</ownerDesignName>
<useDomainConstraints>false</useDomainConstraints>
<use>1</use>
<logicalDatatype>LOGDT024</logicalDatatype>
<dataTypeSize>10</dataTypeSize>
<ownDataTypeParameters>10,,</ownDataTypeParameters>
<autoIncrementCycle>false</autoIncrementCycle>
<associations>
<colAssociation fkAssociation="2C55BF4A-1A3B-0146-A068-8B4E035E16B4" referredColumn="5DC2CD4C-DCCD-80B0-07C7-2239CABCFAC9"/>
</associations>
</Column>
<Column name="direccion" id="524D4875-E9C3-667F-E955-1B9AB126E1E3">
<createdBy>pipec</createdBy>
<createdTime>2023-11-05 20:26:27 UTC</createdTime>
<generatorID>92B8513D-6C7A-8A63-757D-02CCC30BAA07</generatorID>
<ownerDesignName>ProblemaModelado</ownerDesignName>
<useDomainConstraints>false</useDomainConstraints>
<use>1</use>
<logicalDatatype>LOGDT024</logicalDatatype>
<dataTypeSize>30</dataTypeSize>
<ownDataTypeParameters>30,,</ownDataTypeParameters>
<autoIncrementCycle>false</autoIncrementCycle>
</Column>
<Column name="puntos" id="91988598-839E-FDED-4ADE-6E6220FA4C42">
<createdBy>pipec</createdBy>
<createdTime>2023-11-05 20:26:27 UTC</createdTime>
<generatorID>8D8EB165-9EB1-FA31-99C0-31EB05E53DFE</generatorID>
<ownerDesignName>ProblemaModelado</ownerDesignName>
<useDomainConstraints>false</useDomainConstraints>
<use>1</use>
<logicalDatatype>LOGDT019</logicalDatatype>
<dataTypePrecision>5</dataTypePrecision>
<ownDataTypeParameters>,5,</ownDataTypeParameters>
<autoIncrementCycle>false</autoIncrementCycle>
</Column>
</columns>
<indexes itemClass="oracle.dbtools.crest.model.design.relational.Index">
<ind_PK_UK id="74787952-142E-31BE-1269-F905F18A2302" name="CLIENTE_PKv1">
<createdBy>pipec</createdBy>
<createdTime>2023-11-05 20:26:27 UTC</createdTime>
<generatorID>D3AEF2BB-B21C-6F55-A863-D560AEA1F628</generatorID>
<ownerDesignName>ProblemaModelado</ownerDesignName>
<pk>true</pk>
<indexState>Primary Constraint</indexState>
<isSurrogateKey>false</isSurrogateKey>
</ind_PK_UK>
<ind_PK_UK id="767FE13D-D21C-D727-B13A-8DE3651C7EEF" name="CLIENTE_PERSONA_FK">
<createdBy>pipec</createdBy>
<createdTime>2023-11-05 20:26:27 UTC</createdTime>
<generatorID>FE735335-1CA1-0856-E01E-4CCE62A8C175</generatorID>
<ownerDesignName>ProblemaModelado</ownerDesignName>
<indexState>Foreign Key</indexState>
<isSurrogateKey>false</isSurrogateKey>
<indexColumnUsage>
<colUsage columnID="BE947071-11AD-2710-BAD1-09206B95AB66"/>
</indexColumnUsage>
</ind_PK_UK>
</indexes>
</Table>
