<?xml version = '1.0' encoding = 'UTF-8'?>
<Table class="oracle.dbtools.crest.model.design.relational.Table" directorySegmentName="seg_0" id="EB1779D4-51C9-4766-C9FC-CEA608DDB8C9" name="DETALLE_PRODUCTO">
<createdBy>pipec</createdBy>
<createdTime>2023-11-05 20:26:27 UTC</createdTime>
<generatorID>01C0F53F-2AB1-F1DC-1D18-A29F1809CF81</generatorID>
<ownerDesignName>ProblemaModelado</ownerDesignName>
<allowColumnReorder>false</allowColumnReorder>
<existDependencyGenerateInDDl>true</existDependencyGenerateInDDl>
<parsed>true</parsed>
<columns itemClass="oracle.dbtools.crest.model.design.relational.Column">
<Column name="PRODUCTO_codigoBarras" id="FC01F17A-D0FB-038E-FFA2-C3E48CB1F0B8">
<createdBy>pipec</createdBy>
<createdTime>2023-11-05 20:26:27 UTC</createdTime>
<generatorID>26010E3B-E50D-A6DC-0E5C-1AF78A1DAAD2</generatorID>
<ownerDesignName>ProblemaModelado</ownerDesignName>
<useDomainConstraints>false</useDomainConstraints>
<use>1</use>
<logicalDatatype>LOGDT025</logicalDatatype>
<dataTypeSize>12</dataTypeSize>
<ownDataTypeParameters>,,</ownDataTypeParameters>
<previousColumn>false</previousColumn>
<autoIncrementCycle>false</autoIncrementCycle>
<associations>
<colAssociation fkAssociation="0259E0D5-D4F0-4309-DC84-2FAA1DD8CC95" referredColumn="AD5813E0-8AD3-DF0F-17E6-A7A550458512"/>
</associations>
</Column>
<Column name="descripcion" id="B6D0C53A-7E70-E694-E602-1815DDD324E2">
<createdBy>pipec</createdBy>
<createdTime>2023-11-05 20:26:27 UTC</createdTime>
<generatorID>F079DECB-171E-A323-9CA5-E652E09EEC03</generatorID>
<ownerDesignName>ProblemaModelado</ownerDesignName>
<useDomainConstraints>false</useDomainConstraints>
<use>1</use>
<logicalDatatype>LOGDT024</logicalDatatype>
<dataTypeSize>50</dataTypeSize>
<ownDataTypeParameters>50,,</ownDataTypeParameters>
<autoIncrementCycle>false</autoIncrementCycle>
</Column>
<Column name="iva" id="47F9AA13-ACA9-ED9F-6F47-AA5365A69D08">
<createdBy>pipec</createdBy>
<createdTime>2023-11-05 20:26:27 UTC</createdTime>
<generatorID>EA2D0ADF-0FB4-2CE7-72B1-9BE00F440D4F</generatorID>
<ownerDesignName>ProblemaModelado</ownerDesignName>
<useDomainConstraints>false</useDomainConstraints>
<use>1</use>
<logicalDatatype>LOGDT006</logicalDatatype>
<dataTypeSize>1</dataTypeSize>
<ownDataTypeParameters>1,,</ownDataTypeParameters>
<autoIncrementCycle>false</autoIncrementCycle>
</Column>
<Column name="cantidadStock" id="8177E8AA-36A7-E7A0-ACB6-638B7A3BDDA8">
<createdBy>pipec</createdBy>
<createdTime>2023-11-05 20:26:27 UTC</createdTime>
<generatorID>52209E7A-5FE4-437B-CEF2-EE936A885F64</generatorID>
<ownerDesignName>ProblemaModelado</ownerDesignName>
<useDomainConstraints>false</useDomainConstraints>
<use>1</use>
<logicalDatatype>LOGDT019</logicalDatatype>
<dataTypePrecision>5</dataTypePrecision>
<ownDataTypeParameters>,5,</ownDataTypeParameters>
<autoIncrementCycle>false</autoIncrementCycle>
</Column>
<Column name="fechaCaducidad" id="F08BFBE4-97A4-DB1D-F669-DEF631AC36C3">
<createdBy>pipec</createdBy>
<createdTime>2023-11-05 20:26:27 UTC</createdTime>
<generatorID>EFDA678B-A48E-0F80-BB4E-6DB6181FAD93</generatorID>
<ownerDesignName>ProblemaModelado</ownerDesignName>
<nullsAllowed>true</nullsAllowed>
<useDomainConstraints>false</useDomainConstraints>
<use>1</use>
<logicalDatatype>LOGDT007</logicalDatatype>
<ownDataTypeParameters>,,</ownDataTypeParameters>
<autoIncrementCycle>false</autoIncrementCycle>
</Column>
</columns>
<indexes itemClass="oracle.dbtools.crest.model.design.relational.Index">
<ind_PK_UK id="12B2255E-AA05-17B0-1DAE-0377B959B88A" name="DETALLE_PRODUCTO_PK">
<createdBy>pipec</createdBy>
<createdTime>2023-11-05 20:26:27 UTC</createdTime>
<generatorID>8B687E8B-92C5-90E2-0A84-03341A526163</generatorID>
<ownerDesignName>ProblemaModelado</ownerDesignName>
<pk>true</pk>
<indexState>Primary Constraint</indexState>
<isSurrogateKey>false</isSurrogateKey>
<indexColumnUsage>
<colUsage columnID="FC01F17A-D0FB-038E-FFA2-C3E48CB1F0B8"/>
</indexColumnUsage>
</ind_PK_UK>
<ind_PK_UK id="5516964A-6D9D-AA9A-AC1F-0DF20B2EB482" name="DETALLE_PRODUCTO_PRODUCTO_FK">
<createdBy>pipec</createdBy>
<createdTime>2023-11-05 20:26:27 UTC</createdTime>
<generatorID>07CF9524-67B6-A826-9193-6FC56B5C8705</generatorID>
<ownerDesignName>ProblemaModelado</ownerDesignName>
<indexState>Foreign Key</indexState>
<isSurrogateKey>false</isSurrogateKey>
<indexColumnUsage>
<colUsage columnID="FC01F17A-D0FB-038E-FFA2-C3E48CB1F0B8"/>
</indexColumnUsage>
</ind_PK_UK>
</indexes>
</Table>
