<?xml version = '1.0' encoding = 'UTF-8'?>
<Relation class="oracle.dbtools.crest.model.design.logical.Relation" name="Relation_4" directorySegmentName="seg_0" id="018B1E5A-FE13-13EF-DCEE-5D86BA577DAE">
<createdBy>ASUS</createdBy>
<createdTime>2023-10-06 17:52:37 UTC</createdTime>
<ownerDesignName>ProblemaModelado</ownerDesignName>
<engineerTo>
<item key="74E3C948-F68E-79FB-68EE-EC668090CA4E" value="true"/>
</engineerTo>
<sourcePk>97BDAC81-E933-253E-BBFE-126306C3832B</sourcePk>
<identifying>true</identifying>
<nameOnSource>Tiene</nameOnSource>
<nameOnTarget>Tiene</nameOnTarget>
<optionalSource>false</optionalSource>
<optionalTarget>false</optionalTarget>
<sourceCardinality>1</sourceCardinality>
<sourceEntity>3B669373-445B-42C8-C443-9795524C630C</sourceEntity>
<targetCardinalityString>*</targetCardinalityString>
<targetEntity>53A43DF6-ECDF-F011-A72C-E542F6C8760C</targetEntity>
<transferable>true</transferable>
<deleteRule>NO ACTION</deleteRule>
</Relation>
