<?xml version = '1.0' encoding = 'UTF-8'?>
<Relation class="oracle.dbtools.crest.model.design.logical.Relation" name="Relation_14" directorySegmentName="seg_0" id="07CF9524-67B6-A826-9193-6FC56B5C8705">
<createdBy>pipec</createdBy>
<createdTime>2023-11-05 17:54:07 UTC</createdTime>
<ownerDesignName>ProblemaModelado</ownerDesignName>
<engineerTo>
<item key="74E3C948-F68E-79FB-68EE-EC668090CA4E" value="true"/>
</engineerTo>
<sourcePk>8B687E8B-92C5-90E2-0A84-03341A526163</sourcePk>
<targetPk>D12DE567-65A3-3498-58B6-37F7B9769ACC</targetPk>
<identifying>false</identifying>
<nameOnSource>Pertenece a</nameOnSource>
<nameOnTarget>Tiene</nameOnTarget>
<optionalSource>false</optionalSource>
<optionalTarget>false</optionalTarget>
<sourceCardinality>1</sourceCardinality>
<sourceEntity>01C0F53F-2AB1-F1DC-1D18-A29F1809CF81</sourceEntity>
<targetCardinalityString>1</targetCardinalityString>
<targetEntity>AEA1F184-3FA0-C170-5695-52055B69A3C5</targetEntity>
<transferable>true</transferable>
<deleteRule>NO ACTION</deleteRule>
</Relation>
