<?xml version = '1.0' encoding = 'UTF-8'?>
<Relation class="oracle.dbtools.crest.model.design.logical.Relation" name="Relation_7" directorySegmentName="seg_0" id="7A0D4F0F-123F-FC6D-0F33-C99FA64027F2">
<createdBy>pipec</createdBy>
<createdTime>2023-11-02 14:28:52 UTC</createdTime>
<ownerDesignName>ProblemaModelado</ownerDesignName>
<engineerTo>
<item key="74E3C948-F68E-79FB-68EE-EC668090CA4E" value="true"/>
</engineerTo>
<sourcePk>B37290EF-0E6C-3897-CFC5-6CA5E922395C</sourcePk>
<identifying>true</identifying>
<nameOnSource>Genera</nameOnSource>
<nameOnTarget>Tiene a </nameOnTarget>
<optionalSource>true</optionalSource>
<optionalTarget>false</optionalTarget>
<sourceCardinality>1</sourceCardinality>
<sourceEntity>415D36D1-6FBA-164B-DADA-4ACBCB428580</sourceEntity>
<targetCardinalityString>*</targetCardinalityString>
<targetEntity>53A43DF6-ECDF-F011-A72C-E542F6C8760C</targetEntity>
<transferable>true</transferable>
<deleteRule>NO ACTION</deleteRule>
</Relation>
