<?xml version = '1.0' encoding = 'UTF-8'?>
<Relation class="oracle.dbtools.crest.model.design.logical.Relation" name="Relation_11" directorySegmentName="seg_0" id="880B05B0-3A57-1FA7-ED6D-67BFFF904A72">
<createdBy>pipec</createdBy>
<createdTime>2023-10-08 22:04:45 UTC</createdTime>
<ownerDesignName>ProblemaModelado</ownerDesignName>
<engineerTo>
<item key="74E3C948-F68E-79FB-68EE-EC668090CA4E" value="true"/>
</engineerTo>
<sourcePk>84D89ADE-903D-4CEF-A8BD-815939D2A217</sourcePk>
<targetPk>D12DE567-65A3-3498-58B6-37F7B9769ACC</targetPk>
<identifying>false</identifying>
<nameOnSource>Tiene</nameOnSource>
<nameOnTarget>Es un</nameOnTarget>
<optionalSource>true</optionalSource>
<optionalTarget>false</optionalTarget>
<sourceCardinality>1</sourceCardinality>
<sourceEntity>7D796679-390D-DA8D-4708-3870948FFDF1</sourceEntity>
<targetCardinalityString>*</targetCardinalityString>
<targetEntity>AEA1F184-3FA0-C170-5695-52055B69A3C5</targetEntity>
<transferable>true</transferable>
<deleteRule>NO ACTION</deleteRule>
</Relation>
