<?xml version = '1.0' encoding = 'UTF-8'?>
<Relation class="oracle.dbtools.crest.model.design.logical.Relation" name="Relation_8" directorySegmentName="seg_0" id="D2A020B7-ECDD-BD0A-2730-511508512B91">
<createdBy>pipec</createdBy>
<createdTime>2023-10-08 21:24:52 UTC</createdTime>
<ownerDesignName>ProblemaModelado</ownerDesignName>
<engineerTo>
<item key="74E3C948-F68E-79FB-68EE-EC668090CA4E" value="true"/>
</engineerTo>
<sourcePk>1861C73A-22FA-E30A-8290-4E8A5CE1A83B</sourcePk>
<identifying>false</identifying>
<nameOnSource>Tiene</nameOnSource>
<nameOnTarget>Pertenece a</nameOnTarget>
<optionalSource>true</optionalSource>
<optionalTarget>true</optionalTarget>
<sourceCardinality>*</sourceCardinality>
<sourceEntity>53A43DF6-ECDF-F011-A72C-E542F6C8760C</sourceEntity>
<targetCardinalityString>*</targetCardinalityString>
<targetEntity>AEA1F184-3FA0-C170-5695-52055B69A3C5</targetEntity>
<transferable>true</transferable>
<deleteRule>NO ACTION</deleteRule>
<attributes itemClass="oracle.dbtools.crest.model.design.logical.Attribute">
<attribute name="cantidad" id="A1347BA6-2505-EF87-E4FB-9E72C3F6995B">
<createdBy>pipec</createdBy>
<createdTime>2023-11-05 18:20:15 UTC</createdTime>
<ownerDesignName>ProblemaModelado</ownerDesignName>
<engineerTo>
<item key="74E3C948-F68E-79FB-68EE-EC668090CA4E" value="true"/>
</engineerTo>
<useDomainConstraints>false</useDomainConstraints>
<use>1</use>
<logicalDatatype>LOGDT019</logicalDatatype>
<dataTypePrecision>5</dataTypePrecision>
<dataTypeScale>0</dataTypeScale>
<ownDataTypeParameters>,5,0</ownDataTypeParameters>
</attribute>
</attributes>
</Relation>
