<?xml version = '1.0' encoding = 'UTF-8'?>
<Relation class="oracle.dbtools.crest.model.design.logical.Relation" name="Relation_9" directorySegmentName="seg_0" id="E0569FA5-C53A-287B-8607-ABC583F6A19E">
<createdBy>pipec</createdBy>
<createdTime>2023-10-31 19:55:40 UTC</createdTime>
<ownerDesignName>ProblemaModelado</ownerDesignName>
<engineerTo>
<item key="74E3C948-F68E-79FB-68EE-EC668090CA4E" value="true"/>
</engineerTo>
<sourcePk>D3AEF2BB-B21C-6F55-A863-D560AEA1F628</sourcePk>
<identifying>true</identifying>
<nameOnSource>Tiene</nameOnSource>
<nameOnTarget>Tiene</nameOnTarget>
<optionalSource>true</optionalSource>
<optionalTarget>false</optionalTarget>
<sourceCardinality>1</sourceCardinality>
<sourceEntity>65E5DE86-2B7F-7F8D-2D9D-8B7A3A92A5F0</sourceEntity>
<targetCardinalityString>*</targetCardinalityString>
<targetEntity>53A43DF6-ECDF-F011-A72C-E542F6C8760C</targetEntity>
<transferable>true</transferable>
<deleteRule>NO ACTION</deleteRule>
</Relation>
