<?xml version = '1.0' encoding = 'UTF-8'?>
<Diagram class="oracle.dbtools.crest.swingui.relational.DPVRelational" name="Relational_1" id="DC51CADD-2437-CEDA-C435-21EE17BC6CEF">
<createdBy>1126844663</createdBy>
<modifiedBy>1126844663</modifiedBy>
<createdTime>2023-10-05 15:31:01 UTC</createdTime>
<autoRoute>false</autoRoute>
<boxInbox>true</boxInbox>
<showLegend>false</showLegend>
<showLabels>false</showLabels>
<showRelAttributes>false</showRelAttributes>
<gridEnabled>false</gridEnabled>
<showGrid>false</showGrid>
<diagramColor>-1</diagramColor>
<display>false</display>
<notation>1</notation>
<objectViews>
<OView class="oracle.dbtools.crest.swingui.relational.TVTable" oid="082C92CB-4F06-9228-C590-B3D43371E3AE" otype="Table" vid="835E911E-D5D5-0083-2C50-16C93EA3FF51">
<hideElementsInCurrentOnly>false</hideElementsInCurrentOnly>
<bounds x="452" y="839" width="213" height="97"/>
</OView>
<OView class="oracle.dbtools.crest.swingui.relational.TVTable" oid="089D4855-7E46-A0B8-6C94-768274DBA406" otype="Table" vid="AB8BDE6E-9EDE-03C5-AF58-C4DCB523894C">
<hideElementsInCurrentOnly>false</hideElementsInCurrentOnly>
<bounds x="243" y="112" width="373" height="228"/>
</OView>
<OView class="oracle.dbtools.crest.swingui.relational.TVTable" oid="7C18BCB0-D914-9BFD-91E5-DA9BCB82A3DF" otype="Table" vid="AC99938A-214C-2A30-0A14-C0C26A8F8793">
<hideElementsInCurrentOnly>false</hideElementsInCurrentOnly>
<bounds x="173" y="477" width="504" height="219"/>
</OView>
<OView class="oracle.dbtools.crest.swingui.relational.TVTable" oid="867CD5F6-A704-21D2-0B85-7D8CDCC56A5A" otype="Table" vid="4F0A61D3-1ACA-374A-88BD-8CB1E4E93C0F">
<hideElementsInCurrentOnly>false</hideElementsInCurrentOnly>
<bounds x="820" y="106" width="213" height="105"/>
</OView>
<OView class="oracle.dbtools.crest.swingui.relational.TVTable" oid="87A6FB29-DB14-F917-88C1-240C34D454EA" otype="Table" vid="311A5432-58CC-2DB3-B4E5-D1BD8C40F6FF">
<hideElementsInCurrentOnly>false</hideElementsInCurrentOnly>
<bounds x="778" y="538" width="350" height="129"/>
</OView>
<OView class="oracle.dbtools.crest.swingui.relational.TVTable" oid="A96B4A09-01A6-59D8-C0ED-5CB9E892B219" otype="Table" vid="310068B1-AC4A-2B68-8DBE-1D3E3407ED0F">
<hideElementsInCurrentOnly>false</hideElementsInCurrentOnly>
<bounds x="1218" y="521" width="406" height="190"/>
</OView>
<OView class="oracle.dbtools.crest.swingui.relational.TVTable" oid="D3B8F212-1343-3A70-803B-DA5A14E975FE" otype="Table" vid="C3EE5C0C-FAE5-9A1A-0824-DFF7D7E5E354">
<hideElementsInCurrentOnly>false</hideElementsInCurrentOnly>
<bounds x="1741" y="527" width="237" height="143"/>
</OView>
<OView class="oracle.dbtools.crest.swingui.relational.TVTable" oid="E8519281-1D1B-C35D-BCC1-CC952D9667FE" otype="Table" vid="EAF87E04-4203-9EA6-B52F-0A0691A39B0C">
<hideElementsInCurrentOnly>false</hideElementsInCurrentOnly>
<bounds x="168" y="846" width="171" height="86"/>
</OView>
<OView class="oracle.dbtools.crest.swingui.relational.TVTable" oid="E991D7FA-FA55-19BF-AC79-FF48DBDD768F" otype="Table" vid="80B5616A-34E0-CE52-B382-45E75FC28735">
<hideElementsInCurrentOnly>false</hideElementsInCurrentOnly>
<bounds x="823" y="225" width="207" height="118"/>
</OView>
<OView class="oracle.dbtools.crest.swingui.relational.TVTable" oid="EB1779D4-51C9-4766-C9FC-CEA608DDB8C9" otype="Table" vid="F998FCBA-C8F1-6F81-1481-31990B50850D">
<hideElementsInCurrentOnly>false</hideElementsInCurrentOnly>
<bounds x="1252" y="802" width="359" height="153"/>
</OView>
</objectViews>
<connectors>
<Connector class="oracle.dbtools.crest.swingui.relational.TVFKRelation" oid="0259E0D5-D4F0-4309-DC84-2FAA1DD8CC95" otype="FKIndexAssociation" vid_source="310068B1-AC4A-2B68-8DBE-1D3E3407ED0F" vid_target="F998FCBA-C8F1-6F81-1481-31990B50850D">
<hideElementsInCurrentOnly>false</hideElementsInCurrentOnly>
<backgroundColor>-16777216</backgroundColor>
<lineWidth>1</lineWidth>
<points>
<point x="1446" y="711"/>
<point x="1446" y="802"/>
</points>
</Connector>
<Connector class="oracle.dbtools.crest.swingui.relational.TVFKRelation" oid="0475DEE3-89D9-3207-0456-D193A9BE8541" otype="FKIndexAssociation" vid_source="AB8BDE6E-9EDE-03C5-AF58-C4DCB523894C" vid_target="AC99938A-214C-2A30-0A14-C0C26A8F8793">
<hideElementsInCurrentOnly>false</hideElementsInCurrentOnly>
<backgroundColor>-16777216</backgroundColor>
<lineWidth>1</lineWidth>
<points>
<point x="444" y="340"/>
<point x="444" y="477"/>
</points>
</Connector>
<Connector class="oracle.dbtools.crest.swingui.relational.TVFKRelation" oid="07FA8945-73C7-C3B6-30AF-EBBEA542069C" otype="FKIndexAssociation" vid_source="AB8BDE6E-9EDE-03C5-AF58-C4DCB523894C" vid_target="4F0A61D3-1ACA-374A-88BD-8CB1E4E93C0F">
<hideElementsInCurrentOnly>false</hideElementsInCurrentOnly>
<backgroundColor>-16777216</backgroundColor>
<lineWidth>1</lineWidth>
<points>
<point x="616" y="161"/>
<point x="820" y="161"/>
</points>
</Connector>
<Connector class="oracle.dbtools.crest.swingui.relational.TVFKRelation" oid="2C55BF4A-1A3B-0146-A068-8B4E035E16B4" otype="FKIndexAssociation" vid_source="AB8BDE6E-9EDE-03C5-AF58-C4DCB523894C" vid_target="80B5616A-34E0-CE52-B382-45E75FC28735">
<hideElementsInCurrentOnly>false</hideElementsInCurrentOnly>
<backgroundColor>-16777216</backgroundColor>
<lineWidth>1</lineWidth>
<points>
<point x="616" y="282"/>
<point x="823" y="282"/>
</points>
</Connector>
<Connector class="oracle.dbtools.crest.swingui.relational.TVFKRelation" oid="7CFCB686-8BFA-83FD-8770-AC1DD04E703A" otype="FKIndexAssociation" vid_source="EAF87E04-4203-9EA6-B52F-0A0691A39B0C" vid_target="AC99938A-214C-2A30-0A14-C0C26A8F8793">
<hideElementsInCurrentOnly>false</hideElementsInCurrentOnly>
<backgroundColor>-16777216</backgroundColor>
<lineWidth>1</lineWidth>
<points>
<point x="256" y="846"/>
<point x="256" y="696"/>
</points>
</Connector>
<Connector class="oracle.dbtools.crest.swingui.relational.TVFKRelation" oid="9FFCCF5C-6B2F-0EB4-576D-E3A1CE1EE747" otype="FKIndexAssociation" vid_source="AC99938A-214C-2A30-0A14-C0C26A8F8793" vid_target="311A5432-58CC-2DB3-B4E5-D1BD8C40F6FF">
<hideElementsInCurrentOnly>false</hideElementsInCurrentOnly>
<backgroundColor>-16777216</backgroundColor>
<lineWidth>1</lineWidth>
<points>
<point x="677" y="602"/>
<point x="778" y="602"/>
</points>
</Connector>
<Connector class="oracle.dbtools.crest.swingui.relational.TVFKRelation" oid="BCC043CC-C994-318D-A483-EBDCAAD5A14E" otype="FKIndexAssociation" vid_source="C3EE5C0C-FAE5-9A1A-0824-DFF7D7E5E354" vid_target="310068B1-AC4A-2B68-8DBE-1D3E3407ED0F">
<hideElementsInCurrentOnly>false</hideElementsInCurrentOnly>
<backgroundColor>-16777216</backgroundColor>
<lineWidth>1</lineWidth>
<points>
<point x="1741" y="598"/>
<point x="1624" y="598"/>
</points>
</Connector>
<Connector class="oracle.dbtools.crest.swingui.relational.TVFKRelation" oid="E01E3B17-6C27-00D0-A472-08FCA72CA4AF" otype="FKIndexAssociation" vid_source="310068B1-AC4A-2B68-8DBE-1D3E3407ED0F" vid_target="311A5432-58CC-2DB3-B4E5-D1BD8C40F6FF">
<hideElementsInCurrentOnly>false</hideElementsInCurrentOnly>
<backgroundColor>-16777216</backgroundColor>
<lineWidth>1</lineWidth>
<points>
<point x="1218" y="602"/>
<point x="1128" y="602"/>
</points>
</Connector>
<Connector class="oracle.dbtools.crest.swingui.relational.TVFKRelation" oid="FF55AC1E-C498-27D5-25D4-7CDF34C7DF18" otype="FKIndexAssociation" vid_source="835E911E-D5D5-0083-2C50-16C93EA3FF51" vid_target="AC99938A-214C-2A30-0A14-C0C26A8F8793">
<hideElementsInCurrentOnly>false</hideElementsInCurrentOnly>
<backgroundColor>-16777216</backgroundColor>
<lineWidth>1</lineWidth>
<points>
<point x="558" y="839"/>
<point x="558" y="696"/>
</points>
</Connector>
</connectors>
</Diagram>
