<?xml version = '1.0' encoding = 'UTF-8'?>
<relationalModel class="oracle.dbtools.crest.model.design.relational.RelationalDesign" name="Relational_1" id="74E3C948-F68E-79FB-68EE-EC668090CA4E" mainViewID="DC51CADD-2437-CEDA-C435-21EE17BC6CEF">
<createdBy>1126844663</createdBy>
<createdTime>2023-10-05 14:52:00 UTC</createdTime>
<ownerDesignName>ProblemaModelado</ownerDesignName>
<shouldBeOpen>false</shouldBeOpen>
<selectedRDBMSSite>32076570-2523-435C-2E92-BF29817DFF70</selectedRDBMSSite>
</relationalModel>