<?xml version = '1.0' encoding = 'UTF-8'?>
<FKIndexAssociation class="oracle.dbtools.crest.model.design.relational.FKIndexAssociation" directorySegmentName="seg_0" id="0259E0D5-D4F0-4309-DC84-2FAA1DD8CC95" containerWithKeyObject="EB1779D4-51C9-4766-C9FC-CEA608DDB8C9" localFKIndex="5516964A-6D9D-AA9A-AC1F-0DF20B2EB482" name="DETALLE_PRODUCTO_PRODUCTO_FK">
<createdBy>pipec</createdBy>
<createdTime>2023-11-05 20:26:27 UTC</createdTime>
<generatorID>07CF9524-67B6-A826-9193-6FC56B5C8705</generatorID>
<ownerDesignName>ProblemaModelado</ownerDesignName>
<referredTableLongName>PRODUCTO</referredTableLongName>
<deleteRule>NO ACTION</deleteRule>
<referredTableID>A96B4A09-01A6-59D8-C0ED-5CB9E892B219</referredTableID>
<keyObject>6A1EAA19-73A6-91BB-A09C-DB6116FD47AA</keyObject>
<referredKeyID>6A1EAA19-73A6-91BB-A09C-DB6116FD47AA</referredKeyID>
<mandatory>true</mandatory>
<refColNames>codigoBarras</refColNames>
<transferable>true</transferable>
<rely>false</rely>
<columnDependencyConstraintGenerateInDDL>true</columnDependencyConstraintGenerateInDDL>
</FKIndexAssociation>
