<?xml version = '1.0' encoding = 'UTF-8'?>
<FKIndexAssociation class="oracle.dbtools.crest.model.design.relational.FKIndexAssociation" directorySegmentName="seg_0" id="0475DEE3-89D9-3207-0456-D193A9BE8541" containerWithKeyObject="7C18BCB0-D914-9BFD-91E5-DA9BCB82A3DF" localFKIndex="AD8A6305-A47B-9E10-BFF3-8E2F7A8BE4D5" name="FACTURA_PERSONA_FK">
<createdBy>pipec</createdBy>
<createdTime>2023-11-05 20:26:27 UTC</createdTime>
<generatorID>E0569FA5-C53A-287B-8607-ABC583F6A19E</generatorID>
<ownerDesignName>ProblemaModelado</ownerDesignName>
<referredTableLongName>PERSONA</referredTableLongName>
<deleteRule>NO ACTION</deleteRule>
<referredTableID>089D4855-7E46-A0B8-6C94-768274DBA406</referredTableID>
<keyObject>6ECFFBD5-F597-F2B6-C695-7DB7525808F3</keyObject>
<referredKeyID>6ECFFBD5-F597-F2B6-C695-7DB7525808F3</referredKeyID>
<mandatory>true</mandatory>
<refColNames>cedula</refColNames>
<transferable>true</transferable>
<rely>false</rely>
<columnDependencyConstraintGenerateInDDL>true</columnDependencyConstraintGenerateInDDL>
</FKIndexAssociation>
