<?xml version = '1.0' encoding = 'UTF-8'?>
<FKIndexAssociation class="oracle.dbtools.crest.model.design.relational.FKIndexAssociation" directorySegmentName="seg_0" id="07FA8945-73C7-C3B6-30AF-EBBEA542069C" containerWithKeyObject="867CD5F6-A704-21D2-0B85-7D8CDCC56A5A" localFKIndex="D3E30A23-78B5-F3F7-9128-BFA86E4B507C" name="PROVEEDOR_PERSONA_FK">
<createdBy>pipec</createdBy>
<createdTime>2023-11-05 20:26:27 UTC</createdTime>
<generatorID>E46FD00B-1C36-B899-B166-1B138A2292A4</generatorID>
<ownerDesignName>ProblemaModelado</ownerDesignName>
<referredTableLongName>PERSONA</referredTableLongName>
<deleteRule>NO ACTION</deleteRule>
<referredTableID>089D4855-7E46-A0B8-6C94-768274DBA406</referredTableID>
<keyObject>6ECFFBD5-F597-F2B6-C695-7DB7525808F3</keyObject>
<referredKeyID>6ECFFBD5-F597-F2B6-C695-7DB7525808F3</referredKeyID>
<mandatory>true</mandatory>
<refColNames>cedula</refColNames>
<transferable>true</transferable>
<rely>false</rely>
<columnDependencyConstraintGenerateInDDL>true</columnDependencyConstraintGenerateInDDL>
</FKIndexAssociation>
