<?xml version = '1.0' encoding = 'UTF-8'?>
<FKIndexAssociation class="oracle.dbtools.crest.model.design.relational.FKIndexAssociation" directorySegmentName="seg_0" id="2C55BF4A-1A3B-0146-A068-8B4E035E16B4" containerWithKeyObject="E991D7FA-FA55-19BF-AC79-FF48DBDD768F" localFKIndex="767FE13D-D21C-D727-B13A-8DE3651C7EEF" name="CLIENTE_PERSONA_FK">
<createdBy>pipec</createdBy>
<createdTime>2023-11-05 20:26:27 UTC</createdTime>
<generatorID>FE735335-1CA1-0856-E01E-4CCE62A8C175</generatorID>
<ownerDesignName>ProblemaModelado</ownerDesignName>
<referredTableLongName>PERSONA</referredTableLongName>
<deleteRule>NO ACTION</deleteRule>
<referredTableID>089D4855-7E46-A0B8-6C94-768274DBA406</referredTableID>
<keyObject>6ECFFBD5-F597-F2B6-C695-7DB7525808F3</keyObject>
<referredKeyID>6ECFFBD5-F597-F2B6-C695-7DB7525808F3</referredKeyID>
<mandatory>true</mandatory>
<refColNames>cedula</refColNames>
<transferable>true</transferable>
<rely>false</rely>
<columnDependencyConstraintGenerateInDDL>true</columnDependencyConstraintGenerateInDDL>
</FKIndexAssociation>
