<?xml version = '1.0' encoding = 'UTF-8'?>
<FKIndexAssociation class="oracle.dbtools.crest.model.design.relational.FKIndexAssociation" directorySegmentName="seg_0" id="7CFCB686-8BFA-83FD-8770-AC1DD04E703A" containerWithKeyObject="7C18BCB0-D914-9BFD-91E5-DA9BCB82A3DF" localFKIndex="4ADB3983-A0DF-1E1E-C5FB-4844257457AE" name="FACTURA_EMPLEADO_FK">
<createdBy>pipec</createdBy>
<createdTime>2023-11-05 20:26:27 UTC</createdTime>
<generatorID>7A0D4F0F-123F-FC6D-0F33-C99FA64027F2</generatorID>
<ownerDesignName>ProblemaModelado</ownerDesignName>
<referredTableLongName>EMPLEADO</referredTableLongName>
<deleteRule>NO ACTION</deleteRule>
<referredTableID>E8519281-1D1B-C35D-BCC1-CC952D9667FE</referredTableID>
<keyObject>78C1C0B6-B964-6DBB-754A-DB7FAE6BC43D</keyObject>
<referredKeyID>78C1C0B6-B964-6DBB-754A-DB7FAE6BC43D</referredKeyID>
<mandatory>true</mandatory>
<refColNames>idEmpleado</refColNames>
<transferable>true</transferable>
<rely>false</rely>
<columnDependencyConstraintGenerateInDDL>true</columnDependencyConstraintGenerateInDDL>
</FKIndexAssociation>
