<?xml version = '1.0' encoding = 'UTF-8'?>
<FKIndexAssociation class="oracle.dbtools.crest.model.design.relational.FKIndexAssociation" directorySegmentName="seg_0" id="9FFCCF5C-6B2F-0EB4-576D-E3A1CE1EE747" containerWithKeyObject="87A6FB29-DB14-F917-88C1-240C34D454EA" localFKIndex="382F745A-25B2-88D9-FFCC-93852FFB1713" name="Relation_8_FACTURA_FK">
<createdBy>pipec</createdBy>
<createdTime>2023-11-05 20:26:27 UTC</createdTime>
<generatorID>D2A020B7-ECDD-BD0A-2730-511508512B91</generatorID>
<ownerDesignName>ProblemaModelado</ownerDesignName>
<referredTableLongName>FACTURA</referredTableLongName>
<deleteRule>NO ACTION</deleteRule>
<referredTableID>7C18BCB0-D914-9BFD-91E5-DA9BCB82A3DF</referredTableID>
<keyObject>F49FE735-9167-0252-6A3F-C9FEF59CFA39</keyObject>
<referredKeyID>F49FE735-9167-0252-6A3F-C9FEF59CFA39</referredKeyID>
<mandatory>true</mandatory>
<refColNames>idFactura</refColNames>
<transferable>true</transferable>
<rely>false</rely>
<columnDependencyConstraintGenerateInDDL>true</columnDependencyConstraintGenerateInDDL>
</FKIndexAssociation>
