<?xml version = '1.0' encoding = 'UTF-8'?>
<FKIndexAssociation class="oracle.dbtools.crest.model.design.relational.FKIndexAssociation" directorySegmentName="seg_0" id="BCC043CC-C994-318D-A483-EBDCAAD5A14E" containerWithKeyObject="A96B4A09-01A6-59D8-C0ED-5CB9E892B219" localFKIndex="87A9B568-723B-CF2D-0E21-BA5CCE172D9D" name="PRODUCTO_TIPO_PRODUCTO_FK">
<createdBy>pipec</createdBy>
<createdTime>2023-11-05 20:26:27 UTC</createdTime>
<generatorID>880B05B0-3A57-1FA7-ED6D-67BFFF904A72</generatorID>
<ownerDesignName>ProblemaModelado</ownerDesignName>
<referredTableLongName>TIPO_PRODUCTO</referredTableLongName>
<deleteRule>NO ACTION</deleteRule>
<referredTableID>D3B8F212-1343-3A70-803B-DA5A14E975FE</referredTableID>
<keyObject>741A5ABA-ED42-6F58-1FED-0F04CF153CB0</keyObject>
<referredKeyID>741A5ABA-ED42-6F58-1FED-0F04CF153CB0</referredKeyID>
<mandatory>true</mandatory>
<refColNames>idTipoProducto</refColNames>
<transferable>true</transferable>
<rely>false</rely>
<columnDependencyConstraintGenerateInDDL>true</columnDependencyConstraintGenerateInDDL>
</FKIndexAssociation>
