<?xml version = '1.0' encoding = 'UTF-8'?>
<FKIndexAssociation class="oracle.dbtools.crest.model.design.relational.FKIndexAssociation" directorySegmentName="seg_0" id="E01E3B17-6C27-00D0-A472-08FCA72CA4AF" containerWithKeyObject="87A6FB29-DB14-F917-88C1-240C34D454EA" localFKIndex="1B8F78D8-26CD-2903-23CB-DCD29ECB29D1" name="Relation_8_PRODUCTO_FK">
<createdBy>pipec</createdBy>
<createdTime>2023-11-05 20:26:27 UTC</createdTime>
<generatorID>D2A020B7-ECDD-BD0A-2730-511508512B91</generatorID>
<ownerDesignName>ProblemaModelado</ownerDesignName>
<referredTableLongName>PRODUCTO</referredTableLongName>
<deleteRule>NO ACTION</deleteRule>
<referredTableID>A96B4A09-01A6-59D8-C0ED-5CB9E892B219</referredTableID>
<keyObject>6A1EAA19-73A6-91BB-A09C-DB6116FD47AA</keyObject>
<referredKeyID>6A1EAA19-73A6-91BB-A09C-DB6116FD47AA</referredKeyID>
<mandatory>true</mandatory>
<refColNames>codigoBarras</refColNames>
<transferable>true</transferable>
<rely>false</rely>
<columnDependencyConstraintGenerateInDDL>true</columnDependencyConstraintGenerateInDDL>
</FKIndexAssociation>
