<?xml version = '1.0' encoding = 'UTF-8'?>
<FKIndexAssociation class="oracle.dbtools.crest.model.design.relational.FKIndexAssociation" directorySegmentName="seg_0" id="FF55AC1E-C498-27D5-25D4-7CDF34C7DF18" containerWithKeyObject="7C18BCB0-D914-9BFD-91E5-DA9BCB82A3DF" localFKIndex="A6EA9019-C24B-D2C1-94F7-3DABF10E8FE4" name="FACTURA_MEDIO_DE_PAGO_FK">
<createdBy>pipec</createdBy>
<createdTime>2023-11-05 20:26:27 UTC</createdTime>
<generatorID>018B1E5A-FE13-13EF-DCEE-5D86BA577DAE</generatorID>
<ownerDesignName>ProblemaModelado</ownerDesignName>
<referredTableLongName>MEDIO_DE_PAGO</referredTableLongName>
<deleteRule>NO ACTION</deleteRule>
<referredTableID>082C92CB-4F06-9228-C590-B3D43371E3AE</referredTableID>
<keyObject>02CB82E5-6439-6A4C-79AC-7055FB6FCE27</keyObject>
<referredKeyID>02CB82E5-6439-6A4C-79AC-7055FB6FCE27</referredKeyID>
<mandatory>true</mandatory>
<refColNames>idMedioPago</refColNames>
<transferable>true</transferable>
<rely>false</rely>
<columnDependencyConstraintGenerateInDDL>true</columnDependencyConstraintGenerateInDDL>
</FKIndexAssociation>
