<?xml version = '1.0' encoding = 'UTF-8'?>
<Entity class="oracle.dbtools.crest.model.design.logical.Entity" directorySegmentName="seg_0" id="01C0F53F-2AB1-F1DC-1D18-A29F1809CF81" name="DETALLE_PRODUCTO">
<createdBy>pipec</createdBy>
<createdTime>2023-11-05 17:53:34 UTC</createdTime>
<ownerDesignName>ProblemaModelado</ownerDesignName>
<engineerTo>
<item key="74E3C948-F68E-79FB-68EE-EC668090CA4E" value="true"/>
</engineerTo>
<adequatelyNormalized>NO</adequatelyNormalized>
<expectedVolumes>0</expectedVolumes>
<fwdEngineeringStrategyName>Single Table</fwdEngineeringStrategyName>
<growthPercent>0</growthPercent>
<growthType>Year</growthType>
<maxVolumes>9999999</maxVolumes>
<minVolumes>0</minVolumes>
<normalForm>Third</normalForm>
<attributes itemClass="oracle.dbtools.crest.model.design.logical.Attribute">
<Attribute name="descripcion" id="F079DECB-171E-A323-9CA5-E652E09EEC03">
<createdBy>pipec</createdBy>
<createdTime>2023-11-05 17:53:43 UTC</createdTime>
<ownerDesignName>ProblemaModelado</ownerDesignName>
<engineerTo>
<item key="74E3C948-F68E-79FB-68EE-EC668090CA4E" value="true"/>
</engineerTo>
<useDomainConstraints>false</useDomainConstraints>
<use>1</use>
<logicalDatatype>LOGDT024</logicalDatatype>
<dataTypeSize>50</dataTypeSize>
<ownDataTypeParameters>50,,</ownDataTypeParameters>
</Attribute>
<Attribute name="codigoBarras" id="26010E3B-E50D-A6DC-0E5C-1AF78A1DAAD2">
<createdBy>pipec</createdBy>
<createdTime>2023-11-05 18:02:22 UTC</createdTime>
<generatorID>07CF9524-67B6-A826-9193-6FC56B5C8705</generatorID>
<ownerDesignName>ProblemaModelado</ownerDesignName>
<engineerTo>
<item key="74E3C948-F68E-79FB-68EE-EC668090CA4E" value="true"/>
</engineerTo>
<referedAttribute>8F081BED-1BF6-B8B5-6228-68D67A1072E2</referedAttribute>
<useDomainConstraints>false</useDomainConstraints>
<use>1</use>
<logicalDatatype>LOGDT025</logicalDatatype>
<dataTypeSize>12</dataTypeSize>
<ownDataTypeParameters>,,</ownDataTypeParameters>
</Attribute>
<Attribute name="iva" id="EA2D0ADF-0FB4-2CE7-72B1-9BE00F440D4F">
<createdBy>pipec</createdBy>
<createdTime>2023-11-05 18:03:14 UTC</createdTime>
<ownerDesignName>ProblemaModelado</ownerDesignName>
<engineerTo>
<item key="74E3C948-F68E-79FB-68EE-EC668090CA4E" value="true"/>
</engineerTo>
<useDomainConstraints>false</useDomainConstraints>
<use>1</use>
<logicalDatatype>LOGDT006</logicalDatatype>
<dataTypeSize>1</dataTypeSize>
<ownDataTypeParameters>1,,</ownDataTypeParameters>
</Attribute>
<Attribute name="cantidadStock" id="52209E7A-5FE4-437B-CEF2-EE936A885F64">
<createdBy>pipec</createdBy>
<createdTime>2023-11-05 18:29:45 UTC</createdTime>
<ownerDesignName>ProblemaModelado</ownerDesignName>
<engineerTo>
<item key="74E3C948-F68E-79FB-68EE-EC668090CA4E" value="true"/>
</engineerTo>
<useDomainConstraints>false</useDomainConstraints>
<use>1</use>
<logicalDatatype>LOGDT019</logicalDatatype>
<dataTypePrecision>5</dataTypePrecision>
<ownDataTypeParameters>,5,</ownDataTypeParameters>
</Attribute>
<Attribute name="fechaCaducidad" id="EFDA678B-A48E-0F80-BB4E-6DB6181FAD93">
<createdBy>pipec</createdBy>
<createdTime>2023-11-05 18:03:50 UTC</createdTime>
<ownerDesignName>ProblemaModelado</ownerDesignName>
<engineerTo>
<item key="74E3C948-F68E-79FB-68EE-EC668090CA4E" value="true"/>
</engineerTo>
<nullsAllowed>true</nullsAllowed>
<useDomainConstraints>false</useDomainConstraints>
<use>1</use>
<logicalDatatype>LOGDT007</logicalDatatype>
<ownDataTypeParameters>,,</ownDataTypeParameters>
</Attribute>
</attributes>
<identifiers itemClass="oracle.dbtools.crest.model.design.logical.CandidateKey">
<identifier id="8B687E8B-92C5-90E2-0A84-03341A526163" name="DETALLE_PRODUCTO PK">
<createdBy>pipec</createdBy>
<createdTime>2023-11-05 18:11:05 UTC</createdTime>
<ownerDesignName>ProblemaModelado</ownerDesignName>
<shouldEngineer>false</shouldEngineer>
<engineerTo>
<item key="74E3C948-F68E-79FB-68EE-EC668090CA4E" value="false"/>
</engineerTo>
<pk>true</pk>
<usedAttributes>
<attributeRef>26010E3B-E50D-A6DC-0E5C-1AF78A1DAAD2</attributeRef>
</usedAttributes>
</identifier>
</identifiers>
</Entity>
