<?xml version = '1.0' encoding = 'UTF-8'?>
<Entity class="oracle.dbtools.crest.model.design.logical.Entity" directorySegmentName="seg_0" id="3211CC39-4925-61C2-3328-59E34CA2F299" name="CLIENTE">
<createdBy>pipec</createdBy>
<createdTime>2023-11-05 17:35:26 UTC</createdTime>
<ownerDesignName>ProblemaModelado</ownerDesignName>
<engineerTo>
<item key="74E3C948-F68E-79FB-68EE-EC668090CA4E" value="true"/>
</engineerTo>
<adequatelyNormalized>NO</adequatelyNormalized>
<expectedVolumes>0</expectedVolumes>
<fwdEngineeringStrategyName>Single Table</fwdEngineeringStrategyName>
<growthPercent>0</growthPercent>
<growthType>Year</growthType>
<hierarchicalParent>65E5DE86-2B7F-7F8D-2D9D-8B7A3A92A5F0</hierarchicalParent>
<maxVolumes>9999999</maxVolumes>
<minVolumes>0</minVolumes>
<normalForm>Third</normalForm>
<attributes itemClass="oracle.dbtools.crest.model.design.logical.Attribute">
<Attribute name="direccion" id="92B8513D-6C7A-8A63-757D-02CCC30BAA07">
<createdBy>pipec</createdBy>
<createdTime>2023-11-05 17:35:32 UTC</createdTime>
<ownerDesignName>ProblemaModelado</ownerDesignName>
<engineerTo>
<item key="74E3C948-F68E-79FB-68EE-EC668090CA4E" value="true"/>
</engineerTo>
<useDomainConstraints>false</useDomainConstraints>
<use>1</use>
<logicalDatatype>LOGDT024</logicalDatatype>
<dataTypeSize>30</dataTypeSize>
<ownDataTypeParameters>30,,</ownDataTypeParameters>
</Attribute>
<Attribute name="puntos" id="8D8EB165-9EB1-FA31-99C0-31EB05E53DFE">
<createdBy>pipec</createdBy>
<createdTime>2023-11-05 17:35:32 UTC</createdTime>
<ownerDesignName>ProblemaModelado</ownerDesignName>
<engineerTo>
<item key="74E3C948-F68E-79FB-68EE-EC668090CA4E" value="true"/>
</engineerTo>
<useDomainConstraints>false</useDomainConstraints>
<use>1</use>
<logicalDatatype>LOGDT019</logicalDatatype>
<dataTypePrecision>5</dataTypePrecision>
<ownDataTypeParameters>,5,</ownDataTypeParameters>
</Attribute>
</attributes>
</Entity>
