<?xml version = '1.0' encoding = 'UTF-8'?>
<Entity class="oracle.dbtools.crest.model.design.logical.Entity" directorySegmentName="seg_0" id="415D36D1-6FBA-164B-DADA-4ACBCB428580" name="EMPLEADO">
<createdBy>ASUS</createdBy>
<createdTime>2023-10-06 18:05:16 UTC</createdTime>
<ownerDesignName>ProblemaModelado</ownerDesignName>
<engineerTo>
<item key="74E3C948-F68E-79FB-68EE-EC668090CA4E" value="true"/>
</engineerTo>
<adequatelyNormalized>NO</adequatelyNormalized>
<expectedVolumes>0</expectedVolumes>
<fwdEngineeringStrategyName>Single Table</fwdEngineeringStrategyName>
<growthPercent>0</growthPercent>
<growthType>Year</growthType>
<maxVolumes>9999999</maxVolumes>
<minVolumes>0</minVolumes>
<normalForm>Third</normalForm>
<attributes itemClass="oracle.dbtools.crest.model.design.logical.Attribute">
<Attribute name="idEmpleado" id="04187FE9-D5F5-661D-465C-A1EADEEEA560">
<createdBy>pipec</createdBy>
<createdTime>2023-10-08 21:33:42 UTC</createdTime>
<ownerDesignName>ProblemaModelado</ownerDesignName>
<engineerTo>
<item key="74E3C948-F68E-79FB-68EE-EC668090CA4E" value="true"/>
</engineerTo>
<useDomainConstraints>false</useDomainConstraints>
<use>1</use>
<logicalDatatype>LOGDT025</logicalDatatype>
<dataTypeSize>3</dataTypeSize>
<ownDataTypeParameters>3,,</ownDataTypeParameters>
</Attribute>
</attributes>
<identifiers itemClass="oracle.dbtools.crest.model.design.logical.CandidateKey">
<identifier id="B37290EF-0E6C-3897-CFC5-6CA5E922395C" name="CAJERO PK">
<createdBy>pipec</createdBy>
<createdTime>2023-10-08 21:34:14 UTC</createdTime>
<ownerDesignName>ProblemaModelado</ownerDesignName>
<shouldEngineer>false</shouldEngineer>
<engineerTo>
<item key="74E3C948-F68E-79FB-68EE-EC668090CA4E" value="false"/>
</engineerTo>
<pk>true</pk>
<usedAttributes>
<attributeRef>04187FE9-D5F5-661D-465C-A1EADEEEA560</attributeRef>
</usedAttributes>
</identifier>
</identifiers>
</Entity>
