<?xml version = '1.0' encoding = 'UTF-8'?>
<Entity class="oracle.dbtools.crest.model.design.logical.Entity" directorySegmentName="seg_0" id="53A43DF6-ECDF-F011-A72C-E542F6C8760C" name="FACTURA">
<createdBy>1126844663</createdBy>
<createdTime>2023-10-05 15:00:21 UTC</createdTime>
<ownerDesignName>ProblemaModelado</ownerDesignName>
<engineerTo>
<item key="74E3C948-F68E-79FB-68EE-EC668090CA4E" value="true"/>
</engineerTo>
<adequatelyNormalized>NO</adequatelyNormalized>
<expectedVolumes>0</expectedVolumes>
<fwdEngineeringStrategyName>Single Table</fwdEngineeringStrategyName>
<growthPercent>0</growthPercent>
<growthType>Year</growthType>
<maxVolumes>9999999</maxVolumes>
<minVolumes>0</minVolumes>
<normalForm>Third</normalForm>
<attributes itemClass="oracle.dbtools.crest.model.design.logical.Attribute">
<Attribute name="idFactura" id="27E10443-8DD1-F622-7315-59C122360E1C">
<createdBy>1126844663</createdBy>
<createdTime>2023-10-05 15:00:28 UTC</createdTime>
<ownerDesignName>ProblemaModelado</ownerDesignName>
<engineerTo>
<item key="74E3C948-F68E-79FB-68EE-EC668090CA4E" value="true"/>
</engineerTo>
<useDomainConstraints>false</useDomainConstraints>
<use>1</use>
<logicalDatatype>LOGDT025</logicalDatatype>
<dataTypeSize>10</dataTypeSize>
<ownDataTypeParameters>10,,</ownDataTypeParameters>
</Attribute>
<Attribute name="fechaCompra" id="8517F483-1685-AEFA-D1E8-4206F7136DF3">
<createdBy>1126844663</createdBy>
<createdTime>2023-10-05 15:00:41 UTC</createdTime>
<ownerDesignName>ProblemaModelado</ownerDesignName>
<engineerTo>
<item key="74E3C948-F68E-79FB-68EE-EC668090CA4E" value="true"/>
</engineerTo>
<useDomainConstraints>false</useDomainConstraints>
<use>1</use>
<logicalDatatype>LOGDT007</logicalDatatype>
<ownDataTypeParameters>,,</ownDataTypeParameters>
</Attribute>
<Attribute name="monto" id="C2177126-F229-3475-1B21-1A8E440190B8">
<createdBy>1126844663</createdBy>
<createdTime>2023-10-05 15:01:16 UTC</createdTime>
<ownerDesignName>ProblemaModelado</ownerDesignName>
<engineerTo>
<item key="74E3C948-F68E-79FB-68EE-EC668090CA4E" value="true"/>
</engineerTo>
<useDomainConstraints>false</useDomainConstraints>
<use>1</use>
<logicalDatatype>LOGDT019</logicalDatatype>
<dataTypePrecision>8</dataTypePrecision>
<ownDataTypeParameters>,8,</ownDataTypeParameters>
</Attribute>
<Attribute name="idMedioPago" id="B0E3A228-6F1D-3DE8-3D3D-424633F196D3">
<createdBy>ASUS</createdBy>
<createdTime>2023-10-06 17:52:53 UTC</createdTime>
<generatorID>018B1E5A-FE13-13EF-DCEE-5D86BA577DAE</generatorID>
<ownerDesignName>ProblemaModelado</ownerDesignName>
<engineerTo>
<item key="74E3C948-F68E-79FB-68EE-EC668090CA4E" value="true"/>
</engineerTo>
<referedAttribute>8BD02790-36A4-8BDF-6131-51E6E343A83F</referedAttribute>
<useDomainConstraints>false</useDomainConstraints>
<use>1</use>
<logicalDatatype>LOGDT025</logicalDatatype>
<dataTypeSize>3</dataTypeSize>
<ownDataTypeParameters>,,</ownDataTypeParameters>
</Attribute>
<Attribute name="cedula" id="F817BBE2-4489-E1D1-5599-9309578D40A1">
<createdBy>pipec</createdBy>
<createdTime>2023-10-31 19:55:40 UTC</createdTime>
<generatorID>E0569FA5-C53A-287B-8607-ABC583F6A19E</generatorID>
<ownerDesignName>ProblemaModelado</ownerDesignName>
<engineerTo>
<item key="74E3C948-F68E-79FB-68EE-EC668090CA4E" value="true"/>
</engineerTo>
<referedAttribute>63E15160-8945-57CA-6F5E-E066FEBC9011</referedAttribute>
<useDomainConstraints>false</useDomainConstraints>
<use>1</use>
<logicalDatatype>LOGDT024</logicalDatatype>
<dataTypeSize>10</dataTypeSize>
<ownDataTypeParameters>,,</ownDataTypeParameters>
</Attribute>
<Attribute name="idEmpleado" id="8315AF87-EEA0-A8AE-6959-FEF2909B6AE5">
<createdBy>pipec</createdBy>
<createdTime>2023-11-02 14:28:52 UTC</createdTime>
<generatorID>7A0D4F0F-123F-FC6D-0F33-C99FA64027F2</generatorID>
<ownerDesignName>ProblemaModelado</ownerDesignName>
<engineerTo>
<item key="74E3C948-F68E-79FB-68EE-EC668090CA4E" value="true"/>
</engineerTo>
<referedAttribute>04187FE9-D5F5-661D-465C-A1EADEEEA560</referedAttribute>
<useDomainConstraints>false</useDomainConstraints>
<use>1</use>
<logicalDatatype>LOGDT025</logicalDatatype>
<dataTypeSize>3</dataTypeSize>
<ownDataTypeParameters>,,</ownDataTypeParameters>
</Attribute>
</attributes>
<identifiers itemClass="oracle.dbtools.crest.model.design.logical.CandidateKey">
<identifier id="1861C73A-22FA-E30A-8290-4E8A5CE1A83B" name="FACTURA PK">
<createdBy>1126844663</createdBy>
<createdTime>2023-10-05 15:00:32 UTC</createdTime>
<ownerDesignName>ProblemaModelado</ownerDesignName>
<shouldEngineer>false</shouldEngineer>
<engineerTo>
<item key="74E3C948-F68E-79FB-68EE-EC668090CA4E" value="false"/>
</engineerTo>
<pk>true</pk>
<usedAttributes>
<attributeRef>27E10443-8DD1-F622-7315-59C122360E1C</attributeRef>
</usedAttributes>
</identifier>
</identifiers>
</Entity>
