<?xml version = '1.0' encoding = 'UTF-8'?>
<Entity class="oracle.dbtools.crest.model.design.logical.Entity" directorySegmentName="seg_0" id="65E5DE86-2B7F-7F8D-2D9D-8B7A3A92A5F0" name="PERSONA">
<createdBy>pipec</createdBy>
<createdTime>2023-10-08 21:25:51 UTC</createdTime>
<ownerDesignName>ProblemaModelado</ownerDesignName>
<engineerTo>
<item key="74E3C948-F68E-79FB-68EE-EC668090CA4E" value="true"/>
</engineerTo>
<adequatelyNormalized>NO</adequatelyNormalized>
<expectedVolumes>0</expectedVolumes>
<fwdEngineeringStrategyName>Single Table</fwdEngineeringStrategyName>
<growthPercent>0</growthPercent>
<growthType>Year</growthType>
<maxVolumes>9999999</maxVolumes>
<minVolumes>0</minVolumes>
<normalForm>Third</normalForm>
<attributes itemClass="oracle.dbtools.crest.model.design.logical.Attribute">
<Attribute name="cedula" id="63E15160-8945-57CA-6F5E-E066FEBC9011">
<createdBy>pipec</createdBy>
<createdTime>2023-10-08 21:26:57 UTC</createdTime>
<ownerDesignName>ProblemaModelado</ownerDesignName>
<engineerTo>
<item key="74E3C948-F68E-79FB-68EE-EC668090CA4E" value="true"/>
</engineerTo>
<useDomainConstraints>false</useDomainConstraints>
<use>1</use>
<logicalDatatype>LOGDT024</logicalDatatype>
<dataTypeSize>10</dataTypeSize>
<ownDataTypeParameters>10,,</ownDataTypeParameters>
</Attribute>
<Attribute name="nombreCompleto" id="08CC682B-39D2-83D3-56B1-7237EE491DFA">
<createdBy>pipec</createdBy>
<createdTime>2023-10-08 21:26:34 UTC</createdTime>
<ownerDesignName>ProblemaModelado</ownerDesignName>
<engineerTo>
<item key="74E3C948-F68E-79FB-68EE-EC668090CA4E" value="true"/>
</engineerTo>
<useDomainConstraints>false</useDomainConstraints>
<use>1</use>
<logicalDatatype>LOGDT024</logicalDatatype>
<dataTypeSize>30</dataTypeSize>
<ownDataTypeParameters>30,,</ownDataTypeParameters>
</Attribute>
<Attribute name="telefono" id="F8196D11-5865-0329-64CA-61489B8E5D70">
<createdBy>pipec</createdBy>
<createdTime>2023-10-08 21:27:16 UTC</createdTime>
<ownerDesignName>ProblemaModelado</ownerDesignName>
<engineerTo>
<item key="74E3C948-F68E-79FB-68EE-EC668090CA4E" value="true"/>
</engineerTo>
<useDomainConstraints>false</useDomainConstraints>
<use>1</use>
<logicalDatatype>LOGDT025</logicalDatatype>
<dataTypeSize>10</dataTypeSize>
<ownDataTypeParameters>10,,</ownDataTypeParameters>
</Attribute>
<Attribute name="correoElectronico" id="F8DC13F6-A453-0C3C-6BF5-0EF7DD7A3B5A">
<createdBy>pipec</createdBy>
<createdTime>2023-10-08 21:28:30 UTC</createdTime>
<ownerDesignName>ProblemaModelado</ownerDesignName>
<engineerTo>
<item key="74E3C948-F68E-79FB-68EE-EC668090CA4E" value="true"/>
</engineerTo>
<nullsAllowed>true</nullsAllowed>
<useDomainConstraints>false</useDomainConstraints>
<use>1</use>
<logicalDatatype>LOGDT024</logicalDatatype>
<dataTypeSize>30</dataTypeSize>
<ownDataTypeParameters>30,,</ownDataTypeParameters>
</Attribute>
</attributes>
<identifiers itemClass="oracle.dbtools.crest.model.design.logical.CandidateKey">
<identifier id="D3AEF2BB-B21C-6F55-A863-D560AEA1F628" name="PERSONA PK">
<createdBy>pipec</createdBy>
<createdTime>2023-10-08 21:26:54 UTC</createdTime>
<ownerDesignName>ProblemaModelado</ownerDesignName>
<shouldEngineer>false</shouldEngineer>
<engineerTo>
<item key="74E3C948-F68E-79FB-68EE-EC668090CA4E" value="false"/>
</engineerTo>
<pk>true</pk>
<usedAttributes>
<attributeRef>63E15160-8945-57CA-6F5E-E066FEBC9011</attributeRef>
</usedAttributes>
</identifier>
</identifiers>
</Entity>
