<?xml version = '1.0' encoding = 'UTF-8'?>
<Entity class="oracle.dbtools.crest.model.design.logical.Entity" directorySegmentName="seg_0" id="7D796679-390D-DA8D-4708-3870948FFDF1" name="TIPO_PRODUCTO">
<createdBy>pipec</createdBy>
<createdTime>2023-10-08 21:54:02 UTC</createdTime>
<ownerDesignName>ProblemaModelado</ownerDesignName>
<engineerTo>
<item key="74E3C948-F68E-79FB-68EE-EC668090CA4E" value="true"/>
</engineerTo>
<adequatelyNormalized>NO</adequatelyNormalized>
<expectedVolumes>0</expectedVolumes>
<fwdEngineeringStrategyName>Single Table</fwdEngineeringStrategyName>
<growthPercent>0</growthPercent>
<growthType>Year</growthType>
<maxVolumes>9999999</maxVolumes>
<minVolumes>0</minVolumes>
<normalForm>Third</normalForm>
<attributes itemClass="oracle.dbtools.crest.model.design.logical.Attribute">
<Attribute name="idTipoProducto" id="F335D6D1-A4B9-1EF1-D916-1E2B422C462D">
<createdBy>pipec</createdBy>
<createdTime>2023-10-08 21:54:10 UTC</createdTime>
<ownerDesignName>ProblemaModelado</ownerDesignName>
<engineerTo>
<item key="74E3C948-F68E-79FB-68EE-EC668090CA4E" value="true"/>
</engineerTo>
<useDomainConstraints>false</useDomainConstraints>
<use>1</use>
<logicalDatatype>LOGDT025</logicalDatatype>
<dataTypeSize>3</dataTypeSize>
<ownDataTypeParameters>3,,</ownDataTypeParameters>
</Attribute>
<Attribute name="nombreTipoProducto" id="A10BF7B8-9F00-0960-599E-4F3588A7E811">
<createdBy>pipec</createdBy>
<createdTime>2023-10-08 21:55:50 UTC</createdTime>
<ownerDesignName>ProblemaModelado</ownerDesignName>
<engineerTo>
<item key="74E3C948-F68E-79FB-68EE-EC668090CA4E" value="true"/>
</engineerTo>
<useDomainConstraints>false</useDomainConstraints>
<use>1</use>
<logicalDatatype>LOGDT024</logicalDatatype>
<dataTypeSize>30</dataTypeSize>
<ownDataTypeParameters>30,,</ownDataTypeParameters>
</Attribute>
<Attribute name="descripcion" id="CD0C9451-6EDE-E6C7-FA5A-29A291264BA7">
<createdBy>pipec</createdBy>
<createdTime>2023-10-08 21:58:52 UTC</createdTime>
<ownerDesignName>ProblemaModelado</ownerDesignName>
<engineerTo>
<item key="74E3C948-F68E-79FB-68EE-EC668090CA4E" value="true"/>
</engineerTo>
<useDomainConstraints>false</useDomainConstraints>
<use>1</use>
<logicalDatatype>LOGDT024</logicalDatatype>
<dataTypeSize>50</dataTypeSize>
<ownDataTypeParameters>50,,</ownDataTypeParameters>
</Attribute>
</attributes>
<identifiers itemClass="oracle.dbtools.crest.model.design.logical.CandidateKey">
<identifier id="84D89ADE-903D-4CEF-A8BD-815939D2A217" name="TIPOPRODUCTO PK">
<createdBy>pipec</createdBy>
<createdTime>2023-10-08 21:55:47 UTC</createdTime>
<ownerDesignName>ProblemaModelado</ownerDesignName>
<shouldEngineer>false</shouldEngineer>
<engineerTo>
<item key="74E3C948-F68E-79FB-68EE-EC668090CA4E" value="false"/>
</engineerTo>
<pk>true</pk>
<usedAttributes>
<attributeRef>F335D6D1-A4B9-1EF1-D916-1E2B422C462D</attributeRef>
</usedAttributes>
</identifier>
</identifiers>
</Entity>
