<?xml version = '1.0' encoding = 'UTF-8'?>
<Entity class="oracle.dbtools.crest.model.design.logical.Entity" directorySegmentName="seg_0" id="AEA1F184-3FA0-C170-5695-52055B69A3C5" name="PRODUCTO">
<createdBy>1126844663</createdBy>
<createdTime>2023-10-05 14:53:29 UTC</createdTime>
<ownerDesignName>ProblemaModelado</ownerDesignName>
<engineerTo>
<item key="74E3C948-F68E-79FB-68EE-EC668090CA4E" value="true"/>
</engineerTo>
<adequatelyNormalized>NO</adequatelyNormalized>
<expectedVolumes>0</expectedVolumes>
<fwdEngineeringStrategyName>Single Table</fwdEngineeringStrategyName>
<growthPercent>0</growthPercent>
<growthType>Year</growthType>
<maxVolumes>9999999</maxVolumes>
<minVolumes>0</minVolumes>
<normalForm>Third</normalForm>
<attributes itemClass="oracle.dbtools.crest.model.design.logical.Attribute">
<Attribute name="codigoBarras" id="8F081BED-1BF6-B8B5-6228-68D67A1072E2">
<createdBy>1126844663</createdBy>
<createdTime>2023-10-05 14:53:43 UTC</createdTime>
<ownerDesignName>ProblemaModelado</ownerDesignName>
<engineerTo>
<item key="74E3C948-F68E-79FB-68EE-EC668090CA4E" value="true"/>
</engineerTo>
<useDomainConstraints>false</useDomainConstraints>
<use>1</use>
<logicalDatatype>LOGDT025</logicalDatatype>
<dataTypeSize>12</dataTypeSize>
<ownDataTypeParameters>12,,</ownDataTypeParameters>
</Attribute>
<Attribute name="nombreProducto" id="F5E01E7E-6E6F-D97B-C7D3-3789F08E457E">
<createdBy>1126844663</createdBy>
<createdTime>2023-10-05 14:54:05 UTC</createdTime>
<ownerDesignName>ProblemaModelado</ownerDesignName>
<engineerTo>
<item key="74E3C948-F68E-79FB-68EE-EC668090CA4E" value="true"/>
</engineerTo>
<useDomainConstraints>false</useDomainConstraints>
<use>1</use>
<logicalDatatype>LOGDT024</logicalDatatype>
<dataTypeSize>30</dataTypeSize>
<ownDataTypeParameters>30,,</ownDataTypeParameters>
</Attribute>
<Attribute name="precio" id="A3C3DDBF-5898-BB54-917E-06BC20D837CF">
<createdBy>1126844663</createdBy>
<createdTime>2023-10-05 14:56:53 UTC</createdTime>
<ownerDesignName>ProblemaModelado</ownerDesignName>
<engineerTo>
<item key="74E3C948-F68E-79FB-68EE-EC668090CA4E" value="true"/>
</engineerTo>
<useDomainConstraints>false</useDomainConstraints>
<use>1</use>
<logicalDatatype>LOGDT019</logicalDatatype>
<dataTypePrecision>8</dataTypePrecision>
<ownDataTypeParameters>,8,</ownDataTypeParameters>
</Attribute>
<Attribute name="idTipoProducto" id="133E8F14-F37B-1C6B-3C40-0F93682A812A">
<createdBy>pipec</createdBy>
<createdTime>2023-10-08 22:04:57 UTC</createdTime>
<generatorID>880B05B0-3A57-1FA7-ED6D-67BFFF904A72</generatorID>
<ownerDesignName>ProblemaModelado</ownerDesignName>
<engineerTo>
<item key="74E3C948-F68E-79FB-68EE-EC668090CA4E" value="true"/>
</engineerTo>
<referedAttribute>F335D6D1-A4B9-1EF1-D916-1E2B422C462D</referedAttribute>
<useDomainConstraints>false</useDomainConstraints>
<use>1</use>
<logicalDatatype>LOGDT025</logicalDatatype>
<dataTypeSize>3</dataTypeSize>
<ownDataTypeParameters>,,</ownDataTypeParameters>
</Attribute>
<Attribute name="codigoBarras1" id="0E6691E3-0A11-1E4D-1CC2-FBCD7E681B42">
<createdBy>pipec</createdBy>
<createdTime>2023-11-05 18:11:07 UTC</createdTime>
<generatorID>07CF9524-67B6-A826-9193-6FC56B5C8705</generatorID>
<ownerDesignName>ProblemaModelado</ownerDesignName>
<engineerTo>
<item key="74E3C948-F68E-79FB-68EE-EC668090CA4E" value="true"/>
</engineerTo>
<referedAttribute>26010E3B-E50D-A6DC-0E5C-1AF78A1DAAD2</referedAttribute>
<useDomainConstraints>false</useDomainConstraints>
<use>1</use>
<logicalDatatype>LOGDT025</logicalDatatype>
<dataTypeSize>12</dataTypeSize>
<ownDataTypeParameters>,,</ownDataTypeParameters>
</Attribute>
</attributes>
<identifiers itemClass="oracle.dbtools.crest.model.design.logical.CandidateKey">
<identifier id="D12DE567-65A3-3498-58B6-37F7B9769ACC" name="Producto PK">
<createdBy>1126844663</createdBy>
<createdTime>2023-10-05 14:53:47 UTC</createdTime>
<ownerDesignName>ProblemaModelado</ownerDesignName>
<shouldEngineer>false</shouldEngineer>
<engineerTo>
<item key="74E3C948-F68E-79FB-68EE-EC668090CA4E" value="false"/>
</engineerTo>
<pk>true</pk>
<usedAttributes>
<attributeRef>8F081BED-1BF6-B8B5-6228-68D67A1072E2</attributeRef>
</usedAttributes>
</identifier>
</identifiers>
</Entity>
