<?xml version = '1.0' encoding = 'UTF-8'?>
<Diagram class="oracle.dbtools.crest.swingui.logical.DPVLogical" name="Logical" id="50AA0041-7D5E-44A3-DC2E-473EDBDBED7F">
<createdBy>1126844663</createdBy>
<modifiedBy>1126844663</modifiedBy>
<createdTime>2023-10-05 14:53:29 UTC</createdTime>
<autoRoute>false</autoRoute>
<boxInbox>true</boxInbox>
<showLegend>false</showLegend>
<showLabels>true</showLabels>
<showRelAttributes>false</showRelAttributes>
<gridEnabled>false</gridEnabled>
<showGrid>false</showGrid>
<diagramColor>-1</diagramColor>
<display>false</display>
<notation>1</notation>
<objectViews>
<OView class="oracle.dbtools.crest.swingui.logical.TVEntity" oid="01C0F53F-2AB1-F1DC-1D18-A29F1809CF81" otype="Entity" vid="6381FB91-AB95-F4E2-7313-30B31AF9643B">
<hideElementsInCurrentOnly>false</hideElementsInCurrentOnly>
<bounds x="860" y="820" width="219" height="118"/>
</OView>
<OView class="oracle.dbtools.crest.swingui.logical.TVEntity" oid="3211CC39-4925-61C2-3328-59E34CA2F299" otype="Entity" vid="34C7B412-0CFB-39FA-52D3-02F0F9A67D1B">
<hideElementsInCurrentOnly>false</hideElementsInCurrentOnly>
<bounds x="219" y="151" width="179" height="91"/>
</OView>
<OView class="oracle.dbtools.crest.swingui.logical.TVEntity" oid="3B669373-445B-42C8-C443-9795524C630C" otype="Entity" vid="BFCB3CE8-8838-E78B-1CA1-504A0F257F0E">
<hideElementsInCurrentOnly>false</hideElementsInCurrentOnly>
<bounds x="452" y="839" width="213" height="97"/>
</OView>
<OView class="oracle.dbtools.crest.swingui.logical.TVEntity" oid="415D36D1-6FBA-164B-DADA-4ACBCB428580" otype="Entity" vid="C930456A-711E-3A8E-76CA-82123FAFFF18">
<hideElementsInCurrentOnly>false</hideElementsInCurrentOnly>
<bounds x="168" y="846" width="125" height="85"/>
</OView>
<OView class="oracle.dbtools.crest.swingui.logical.TVEntity" oid="53A43DF6-ECDF-F011-A72C-E542F6C8760C" otype="Entity" vid="26941888-9FF1-AD90-3A11-68F0920FCFF7">
<hideElementsInCurrentOnly>false</hideElementsInCurrentOnly>
<bounds x="173" y="477" width="504" height="219"/>
</OView>
<OView class="oracle.dbtools.crest.swingui.logical.TVEntity" oid="65E5DE86-2B7F-7F8D-2D9D-8B7A3A92A5F0" otype="Entity" vid="49899574-DAA2-9F2F-FC41-97D1692E9527">
<hideElementsInCurrentOnly>false</hideElementsInCurrentOnly>
<bounds x="146" y="29" width="588" height="289"/>
</OView>
<OView class="oracle.dbtools.crest.swingui.logical.TVEntity" oid="7D796679-390D-DA8D-4708-3870948FFDF1" otype="Entity" vid="73C610E4-7FC1-012E-E1CD-E2D3DE9D0A6C">
<hideElementsInCurrentOnly>false</hideElementsInCurrentOnly>
<bounds x="1264" y="519" width="237" height="141"/>
</OView>
<OView class="oracle.dbtools.crest.swingui.logical.TVEntity" oid="7D9DB976-F9CB-7B98-98B7-30692C27C9CD" otype="Entity" vid="3576BCA4-5FD7-3B44-E977-DCE91BB2616D">
<hideElementsInCurrentOnly>false</hideElementsInCurrentOnly>
<bounds x="456" y="154" width="148" height="85"/>
</OView>
<OView class="oracle.dbtools.crest.swingui.logical.TVEntity" oid="AEA1F184-3FA0-C170-5695-52055B69A3C5" otype="Entity" vid="55BBC2E5-15D2-4F90-80D5-CAB701CE6BD5">
<hideElementsInCurrentOnly>false</hideElementsInCurrentOnly>
<bounds x="851" y="519" width="223" height="150"/>
</OView>
</objectViews>
<connectors>
<Connector class="oracle.dbtools.crest.swingui.logical.TVRelation" oid="018B1E5A-FE13-13EF-DCEE-5D86BA577DAE" otype="Relation" vid_source="BFCB3CE8-8838-E78B-1CA1-504A0F257F0E" vid_target="26941888-9FF1-AD90-3A11-68F0920FCFF7">
<hideElementsInCurrentOnly>false</hideElementsInCurrentOnly>
<backgroundColor>-16777216</backgroundColor>
<lineWidth>1</lineWidth>
<sourceLabel class="oracle.dbtools.crest.model.design.Label">
<site>0</site>
<labelBounds x="558" y="803" width="43" height="30"/>
<noBackgroundColor>true</noBackgroundColor>
<noForegroundColor>true</noForegroundColor>
</sourceLabel>
<targetLabel class="oracle.dbtools.crest.model.design.Label">
<site>2</site>
<labelBounds x="558" y="732" width="43" height="30"/>
<noBackgroundColor>true</noBackgroundColor>
<noForegroundColor>true</noForegroundColor>
</targetLabel>
<points>
<point x="558" y="839"/>
<point x="558" y="696"/>
</points>
</Connector>
<Connector class="oracle.dbtools.crest.swingui.logical.TVRelation" oid="07CF9524-67B6-A826-9193-6FC56B5C8705" otype="Relation" vid_source="6381FB91-AB95-F4E2-7313-30B31AF9643B" vid_target="55BBC2E5-15D2-4F90-80D5-CAB701CE6BD5">
<hideElementsInCurrentOnly>false</hideElementsInCurrentOnly>
<backgroundColor>-16777216</backgroundColor>
<lineWidth>1</lineWidth>
<sourceLabel class="oracle.dbtools.crest.model.design.Label">
<site>0</site>
<labelBounds x="967" y="784" width="73" height="30"/>
<noBackgroundColor>true</noBackgroundColor>
<noForegroundColor>true</noForegroundColor>
</sourceLabel>
<targetLabel class="oracle.dbtools.crest.model.design.Label">
<site>2</site>
<labelBounds x="967" y="705" width="43" height="30"/>
<noBackgroundColor>true</noBackgroundColor>
<noForegroundColor>true</noForegroundColor>
</targetLabel>
<points>
<point x="967" y="820"/>
<point x="967" y="669"/>
</points>
</Connector>
<Connector class="oracle.dbtools.crest.swingui.logical.TVRelation" oid="7A0D4F0F-123F-FC6D-0F33-C99FA64027F2" otype="Relation" vid_source="C930456A-711E-3A8E-76CA-82123FAFFF18" vid_target="26941888-9FF1-AD90-3A11-68F0920FCFF7">
<hideElementsInCurrentOnly>false</hideElementsInCurrentOnly>
<backgroundColor>-16777216</backgroundColor>
<lineWidth>1</lineWidth>
<sourceLabel class="oracle.dbtools.crest.model.design.Label">
<site>0</site>
<labelBounds x="233" y="810" width="50" height="30"/>
<noBackgroundColor>true</noBackgroundColor>
<noForegroundColor>true</noForegroundColor>
</sourceLabel>
<targetLabel class="oracle.dbtools.crest.model.design.Label">
<site>2</site>
<labelBounds x="233" y="740" width="55" height="30"/>
<noBackgroundColor>true</noBackgroundColor>
<noForegroundColor>true</noForegroundColor>
</targetLabel>
<points>
<point x="233" y="846"/>
<point x="233" y="696"/>
</points>
</Connector>
<Connector class="oracle.dbtools.crest.swingui.logical.TVRelation" oid="880B05B0-3A57-1FA7-ED6D-67BFFF904A72" otype="Relation" vid_source="73C610E4-7FC1-012E-E1CD-E2D3DE9D0A6C" vid_target="55BBC2E5-15D2-4F90-80D5-CAB701CE6BD5">
<hideElementsInCurrentOnly>false</hideElementsInCurrentOnly>
<backgroundColor>-16777216</backgroundColor>
<lineWidth>1</lineWidth>
<sourceLabel class="oracle.dbtools.crest.model.design.Label">
<site>0</site>
<labelBounds x="1215" y="559" width="43" height="30"/>
<noBackgroundColor>true</noBackgroundColor>
<noForegroundColor>true</noForegroundColor>
</sourceLabel>
<targetLabel class="oracle.dbtools.crest.model.design.Label">
<site>2</site>
<labelBounds x="1084" y="592" width="24" height="29"/>
<noBackgroundColor>true</noBackgroundColor>
<noForegroundColor>true</noForegroundColor>
</targetLabel>
<points>
<point x="1264" y="589"/>
<point x="1074" y="589"/>
</points>
</Connector>
<Connector class="oracle.dbtools.crest.swingui.logical.TVRelation" oid="D2A020B7-ECDD-BD0A-2730-511508512B91" otype="Relation" vid_source="26941888-9FF1-AD90-3A11-68F0920FCFF7" vid_target="55BBC2E5-15D2-4F90-80D5-CAB701CE6BD5">
<hideElementsInCurrentOnly>false</hideElementsInCurrentOnly>
<backgroundColor>-16777216</backgroundColor>
<lineWidth>1</lineWidth>
<sourceLabel class="oracle.dbtools.crest.model.design.Label">
<site>0</site>
<labelBounds x="687" y="564" width="43" height="30"/>
<noBackgroundColor>true</noBackgroundColor>
<noForegroundColor>true</noForegroundColor>
</sourceLabel>
<targetLabel class="oracle.dbtools.crest.model.design.Label">
<site>2</site>
<labelBounds x="778" y="597" width="67" height="31"/>
<noBackgroundColor>true</noBackgroundColor>
<noForegroundColor>true</noForegroundColor>
</targetLabel>
<points>
<point x="677" y="594"/>
<point x="851" y="594"/>
</points>
</Connector>
<Connector class="oracle.dbtools.crest.swingui.logical.TVRelation" oid="E0569FA5-C53A-287B-8607-ABC583F6A19E" otype="Relation" vid_source="49899574-DAA2-9F2F-FC41-97D1692E9527" vid_target="26941888-9FF1-AD90-3A11-68F0920FCFF7">
<hideElementsInCurrentOnly>false</hideElementsInCurrentOnly>
<backgroundColor>-16777216</backgroundColor>
<lineWidth>1</lineWidth>
<sourceLabel class="oracle.dbtools.crest.model.design.Label">
<site>0</site>
<labelBounds x="425" y="354" width="43" height="30"/>
<noBackgroundColor>true</noBackgroundColor>
<noForegroundColor>true</noForegroundColor>
</sourceLabel>
<targetLabel class="oracle.dbtools.crest.model.design.Label">
<site>2</site>
<labelBounds x="425" y="417" width="43" height="30"/>
<noBackgroundColor>true</noBackgroundColor>
<noForegroundColor>true</noForegroundColor>
</targetLabel>
<points>
<point x="425" y="318"/>
<point x="425" y="477"/>
</points>
</Connector>
<Connector class="oracle.dbtools.crest.swingui.logical.TVInheritanceRelation" oid="E46FD00B-1C36-B899-B166-1B138A2292A4" otype="Hierarchy relation" vid_source="49899574-DAA2-9F2F-FC41-97D1692E9527" vid_target="3576BCA4-5FD7-3B44-E977-DCE91BB2616D">
<hideElementsInCurrentOnly>false</hideElementsInCurrentOnly>
<backgroundColor>-65536</backgroundColor>
<lineWidth>1</lineWidth>
</Connector>
<Connector class="oracle.dbtools.crest.swingui.logical.TVInheritanceRelation" oid="FE735335-1CA1-0856-E01E-4CCE62A8C175" otype="Hierarchy relation" vid_source="49899574-DAA2-9F2F-FC41-97D1692E9527" vid_target="34C7B412-0CFB-39FA-52D3-02F0F9A67D1B">
<hideElementsInCurrentOnly>false</hideElementsInCurrentOnly>
<backgroundColor>-65536</backgroundColor>
<lineWidth>1</lineWidth>
</Connector>
</connectors>
</Diagram>
